target,database_names,status,file,display_name,organisation_identified,channel,source_url,reason
ABB,ABB,done,abb.png,ABB,ABB Ltd (Switzerland; UAE operations),wikimedia,https://upload.wikimedia.org/wikipedia/commons/0/00/ABB_logo.svg,
AES,AES Electric,done,aes.png,AES,"The AES Corporation (USA), parent of AES Electric Ltd (UK)",wikimedia,https://upload.wikimedia.org/wikipedia/commons/d/d0/AES_Corporation_logo.svg,
AMICO,AMICO,done,amico-group.png,AMICO,AMICO Group / Al Amin Medical Instruments Company (Saudi Arabia),official-site,https://www.amicogroup.com/wp-content/uploads/2025/06/Amico-Logo-1.svg,Not on Wikimedia; header SVG from amicogroup.com.
Abdulkadir Al Muhaidib and Sons company,Abdulkadir Al Muhaidib and Sons company,done,al-muhaidib-group.png,Al Muhaidib,"Abdulkadir Al Muhaidib and Sons Company (Al Muhaidib Group), Saudi Arabia",wikimedia,https://upload.wikimedia.org/wikipedia/en/7/71/ALMUHAIDIB_logo.png,"Bilingual lockup from the English Wikipedia Al-Muhaidib article. It matches the header logo on muhaidib.com, where the site only has it in white. almuhaidib.com (Almuhaidib Investment) is a different site and was not used."
Abraj Energy Services (ABRAJ),Abraj Energy Services (ABRAJ),done,abraj-energy-services.png,Abraj Energy Services,Abraj Energy Services SAOG (Oman),official-site,https://cdn.prod.website-files.com/69ca96b783e5b56c0c84593a/69d971ce1ab26457cab6459a_Abraj%20Logo%20(1).svg,Not on Wikimedia. The teal ABRAJ wordmark from abrajenergy.com; the brand has no separate symbol.
Abu Dhabi Airports,Abu Dhabi Airports,done,abu-dhabi-airports.png,Abu Dhabi Airports,"Abu Dhabi Airports Company (ADAC), UAE",wikimedia,https://upload.wikimedia.org/wikipedia/en/d/d9/AUH_airport_logo.png,"Current bilingual stacked lockup; raster source, 997px wide after trim."
Abu Dhabi Department of Community Development (DCD),Abu Dhabi Department of Community Development (DCD),done,abu-dhabi-dcd.png,Abu Dhabi Department of Community Development,"Department of Community Development, Government of Abu Dhabi (UAE)",official-site,https://www.addcd.gov.ae/-/media/Project/DCD/DCD-v2/Home/vectorpaint.svg,"Bilingual lockup with the Abu Dhabi emblem, from the site header."
Abu Dhabi Department of Economic Development (DED),Abu Dhabi Department of Economic Development (DED),failed,,Abu Dhabi Department of Economic Development,"Abu Dhabi Department of Economic Development (ADDED), UAE",,,"Not on Wikimedia, and added.gov.ae only offers raster logos about 276x66 px (header-logo-new.png, logo-black.png) with no SVG, so both are too small."
Abu Dhabi Department of Energy,Abu Dhabi Department of Energy,failed,,Abu Dhabi Department of Energy,"Department of Energy, Abu Dhabi (UAE)",,,"Not on Wikimedia, and doe.gov.ae only has a 341x107 px header PNG with no SVG or larger version, so it is too small."
Abu Dhabi Department of Finance,Abu Dhabi Department of Finance,failed,,Abu Dhabi Department of Finance,"Department of Finance, Abu Dhabi (UAE)",,,"Not on Wikimedia, and dof.abudhabi.ae, including its Corporate Identity page, only has logo.png (226x80) and logo.jpg (279x97), so both are too small."
Abu Dhabi Early Childhood Authority (ECA),Abu Dhabi Early Childhood Authority (ECA),failed,,Abu Dhabi Early Childhood Authority,"Abu Dhabi Early Childhood Authority (ECA), UAE",,,"Not on Wikimedia, and eca.gov.ae only has a 113x70 px logo.webp plus a white version, with no SVG or larger file."
ADEK,Abu Dhabi Education Council (ADEC),done,adek.png,ADEK,"Abu Dhabi Department of Education and Knowledge (ADEK), successor to Abu Dhabi Education Council, UAE",official-site,https://www.adek.gov.ae/-/media/Project/TAMM/ADEK/Logo/adek-logo.svg,Sourced ADEK as the note says (successor). Bilingual lockup with the Abu Dhabi emblem.
"Abu Dhabi Education, Human Development and Community Development Council (EHCD)","Abu Dhabi Education, Human Development and Community Development Council (EHCD)",done,education-human-development-and-community-development-council.png,"Education, Human Development and Community Development Council","Education, Human Development and Community Development Council (UAE federal council set up by Federal Decree-Law, chaired by Sheikh Abdullah bin Zayed)",wikimedia,https://upload.wikimedia.org/wikipedia/commons/e/eb/Emblem_of_the_United_Arab_Emirates.svg,"This is a federal council, not an Abu Dhabi body. It has no website or mark of its own, so this is the UAE coat of arms, which other federal bodies can reuse."
Abu Dhabi Executive Office,Abu Dhabi Executive Office,failed,,Abu Dhabi Executive Office,"Abu Dhabi Executive Office (ADEO), UAE",,,"ADEO has its own mark, but there is no Wikimedia file or Wikipedia page, and no public official website could be found (adeo.gov.ae and similar domains do not resolve)."
Abu Dhabi General Secretariat of the Executive Council,Abu Dhabi General Secretariat of the Executive Council,failed,,Abu Dhabi General Secretariat of the Executive Council,"General Secretariat of the Executive Council, Abu Dhabi (UAE); replaced by the Abu Dhabi Executive Office under Law 18 of 2019",,,"This is a closed body, so the spec asks for its last logo, but that logo is not on Wikimedia and its old domain ecouncil.ae now redirects to abudhabi.gov.ae."
Abu Dhabi Motorsport Management,Abu Dhabi Motorsport Management,failed,,Ethara,"Ethara (Abu Dhabi, UAE), which Abu Dhabi Motorsport Management became part of",,,"Ethara is not on Wikimedia, and ethara.com only publishes its logo in white (footer-logo.svg) plus a square E icon, with no dark or colour version; the old ADMM site no longer resolves."
Abu Dhabi Retirement Pensions and Benefits Fund,Abu Dhabi Retirement Pensions and Benefits Fund,done,abu-dhabi-pension-fund.png,Abu Dhabi Pension Fund,"Abu Dhabi Pension Fund, formerly Abu Dhabi Retirement Pensions and Benefits Fund (UAE)",official-site,https://www.pension.gov.ae/Documents/res/images/logo-center.svg,Not on Wikimedia. Current stacked bilingual lockup from pension.gov.ae.
Abu Dhabi Sports Council,Abu Dhabi Sports Council,failed,,Abu Dhabi Sports Council,"Abu Dhabi Sports Council (ADSC), UAE",,,"Not on Wikimedia (no en or ar infobox logo), and adsc.gov.ae resets or returns 503 to automated requests, including with a browser user agent, so its logo file could not be reached."
Abu Dhabi University,Abu Dhabi University,done,abu-dhabi-university.png,Abu Dhabi University,Abu Dhabi University (UAE),wikimedia,https://upload.wikimedia.org/wikipedia/commons/thumb/2/2d/Abu_Dhabi_University_logo.svg/1280px-Abu_Dhabi_University_logo.svg.png,"The SVG original kept returning 429 (rate limit), so this uses Wikimedia's 1280px PNG render of the same file."
ActionAid,ActionAid,done,actionaid.png,ActionAid,ActionAid (international NGO; ActionAid UK),wikimedia,https://commons.wikimedia.org/wiki/Special:FilePath/Actionaid_logo.svg,
Adaa,Adaa,failed,,Adaa,"National Center for Performance Measurement (Adaa), Saudi Arabia",,,"The only Wikimedia file (Arabic Wikipedia) is 199x77 px, too small, and adaa.gov.sa returns Cloudflare 403 to both the bot and browser user agents."
Adam Smith International,Adam Smith International,failed,,Adam Smith International,"Adam Smith International Ltd, United Kingdom",,https://adamsmithinternational.com/,"Neither channel yielded a logo: Wikimedia has no logo file for this organisation, and every request to the official site, including the theme asset paths, returned a SiteGround captcha page."
Adamawa State Government,Adamawa State Government,done,adamawa-state-government.png,Adamawa State Government,"Adamawa State Government, Nigeria",official-site,https://adamawastate.gov.ng/wp-content/uploads/2020/07/New-ADSG-Logo.png,This is the official state government seal (1558px raster). The Wikipedia infobox has no logo.
Advising Families Across Generations (STEP),Advising Families Across Generations (STEP),failed,,STEP,"STEP (Society of Trust and Estate Practitioners), United Kingdom",,https://www.step.org/,"Neither channel yielded a logo: the Wikipedia infobox has no logo and Commons has no STEP logo, and step.org returns 403 to automated requests even with a browser user agent."
Aerospace Holding,Aerospace Holding,failed,,Aerospace Holding,,,,"Identity unclear. No UAE company trading as 'Aerospace Holding (Company)' could be confirmed. Candidates: Dubai Aerospace Enterprise (already in the library as dubai-aerospace-enterprise.png), Mubadala Aerospace, Abu Dhabi Aviation."
Afghanistan Civilian Technical Assistance Programme (CTAP),Afghanistan Civilian Technical Assistance Programme (CTAP),done,afghanistan-emblem.png,Afghanistan Civilian Technical Assistance Programme,"Civilian Technical Assistance Programme, Ministry of Finance, Islamic Republic of Afghanistan (pre-2021)",wikimedia,https://commons.wikimedia.org/wiki/File:Emblem_of_Afghanistan_(2004%E2%80%932021).svg,"Pre-2021 Afghan government programme, so it uses the 2004 to 2021 emblem of the Islamic Republic. Groups 25 to 30 share this one file, produced in this batch (1280px Wikimedia PNG render of the SVG, because the SVG original stayed rate-limited)."
Afghanistan Government Media and Information Center (GMIC),Afghanistan Government Media and Information Center (GMIC),done,afghanistan-government-media-and-information-center.png,Afghanistan Government Media and Information Center,"Government Media and Information Center (GMIC), Islamic Republic of Afghanistan (pre-2021)",wikimedia,https://commons.wikimedia.org/wiki/File:Emblem_of_Afghanistan_(2004%E2%80%932021).svg,"Pre-2021 Afghan government body, so it uses the 2004 to 2021 emblem of the Islamic Republic. Shares the file with groups 25 to 30."
Afghanistan Independent Election Commission (IEC),Afghanistan Independent Election Commission (IEC),done,afghanistan-independent-election-commission.png,Afghanistan Independent Election Commission,Independent Election Commission of Afghanistan (pre-2021; dissolved Dec 2021),wikimedia,https://commons.wikimedia.org/wiki/File:Emblem_of_Afghanistan_(2004%E2%80%932021).svg,"Treated as a pre-2021 Afghan government body, so it uses the 2004 to 2021 emblem, although the IEC had its own seal. The Wikipedia infobox has no IEC logo. Shares the file with groups 25 to 30."
Afghanistan Ministry of Finance,Afghanistan Ministry of Finance,done,afghanistan-ministry-of-finance.png,Afghanistan Ministry of Finance,"Ministry of Finance, Islamic Republic of Afghanistan (pre-2021)",wikimedia,https://commons.wikimedia.org/wiki/File:Emblem_of_Afghanistan_(2004%E2%80%932021).svg,"Pre-2021 Afghan ministry, so it uses the 2004 to 2021 emblem. Shares the file with groups 25 to 30."
"Afghanistan Ministry of Labor, Social Affairs, Martyrs and Disabled","Afghanistan Ministry of Labor, Social Affairs, Martyrs and Disabled",done,afghanistan-ministry-of-labor-social-affairs-martyrs-and-disabled.png,"Afghanistan Ministry of Labor, Social Affairs, Martyrs and Disabled","Ministry of Labor, Social Affairs, Martyrs and Disabled, Islamic Republic of Afghanistan (pre-2021)",wikimedia,https://commons.wikimedia.org/wiki/File:Emblem_of_Afghanistan_(2004%E2%80%932021).svg,"Pre-2021 Afghan ministry, so it uses the 2004 to 2021 emblem. Shares the file with groups 25 to 30."
Afghanistan National Assembly Upper House,Afghanistan National Assembly Upper House,done,afghanistan-meshrano-jirga.png,Afghanistan Meshrano Jirga,"Meshrano Jirga (House of Elders), National Assembly of the Islamic Republic of Afghanistan (dissolved 2021)",wikimedia,https://commons.wikimedia.org/wiki/File:Emblem_of_Afghanistan_(2004%E2%80%932021).svg,"Pre-2021 Afghan government body, so it uses the 2004 to 2021 emblem. Shares the file with groups 25 to 30."
African Field Epidemiology Network (AFENET),African Field Epidemiology Network (AFENET),done,afenet.png,AFENET,"African Field Epidemiology Network (AFENET), Kampala, Uganda",official-site,https://afenet.net/wp-content/uploads/2023/01/logo.jpg,"The site header uses a white version of this lockup. This is the blue-on-white colour version from the site's media library (JPEG, 1024px). Its type looks slightly condensed compared with the header version. Commons has no AFENET logo."
Aga Khan Development Network (AKDN),Aga Khan Development Network (AKDN),done,akdn.png,Aga Khan Development Network,"Aga Khan Development Network (AKDN), Geneva, Switzerland",wikimedia,https://en.wikipedia.org/wiki/File:Akdn-logo.png,"Stacked lockup (symbol, AKDN, full name), 2317px PNG from the Wikipedia infobox."
Air Astana,Air Astana,done,air-astana.png,Air Astana,"Air Astana JSC, Kazakhstan",wikimedia,https://en.wikipedia.org/wiki/File:Air_Astana_logo.svg,
Air Liquide,Air Liquide,done,air-liquide.png,Air Liquide,"Air Liquide S.A., France",wikimedia,"https://commons.wikimedia.org/wiki/File:Air_Liquide_-_logo_(France,_2017).svg",
Air Partner,Air Partner,failed,,Air Partner,"Air Partner plc, United Kingdom (acquired by Wheels Up in 2022; airpartner.com now redirects to wheelsup.co.uk)",,https://commons.wikimedia.org/wiki/File:APWU_interim_logo_horizontal_blue_296x76.png,"The last logo Air Partner used ('Air Partner, a Wheels Up company') is only 296px on Commons, which is below the 400px minimum. The 2022 Air Partner logo on Commons (500px) stayed blocked by Wikimedia 429 errors, and the official site now redirects to Wheels Up."
Airport International Group,Airport International Group,done,airport-international-group.png,Airport International Group,"Airport International Group (AIG), operator of Queen Alia International Airport, Jordan (a Groupe ADP company)",official-site,https://www.qaiairport.com/media/tkonhd1x/h-managed-by-aig-colorful-png-4.png,"aig.aero returns 403 (Akamai), so this is the bilingual AIG lockup from the AIG-operated airport website. I cropped off the 'Queen Alia International Airport Managed By:' caption; the logo is 436px wide, close to the minimum."
Ajman Public Transport Corporation,Ajman Public Transport Corporation,failed,,Ajman Transport Authority,"Ajman Public Transport Corporation, UAE; now Ajman Transport Authority (ta.gov.ae), taken to be its successor",,https://commons.wikimedia.org/wiki/File:Ajman_Transport_Authority.png,"The Commons logo is only 156x95px (too small), and the official site (ta.gov.ae / at.gov.ae) could not be reached through the proxy. The successor link is inferred and not confirmed."
Ajman Tourism Development Department,Ajman Tourism Development Department,done,ajman-department-of-tourism-culture-and-media.png,"Ajman Department of Tourism, Culture & Media","Ajman Tourism Development Department, now renamed the Department of Tourism, Culture & Media, Government of Ajman, UAE",official-site,https://visit-ajman.ae/media/kaynz5mo/new-dept-tourism-logo.png,"ATDD has been renamed and this is the department's current mark on its own ATDD page at visit-ajman.ae. It is a bilingual Government of Ajman lockup in black. If the library should keep the old ATDD name and mark, this needs replacing. Wide lockup, so the text is small in the tile."
Ajman University of Science and Technology,Ajman University of Science and Technology,done,ajman-university.png,Ajman University,"Ajman University (formerly Ajman University of Science and Technology), UAE",official-site,https://www.ajman.ac.ae/themes/au2021/images/logo.svg,Current bilingual Arabic/English SVG lockup. Wikipedia has no infobox logo.
Akkök Holding,Akkök Holding,failed,,Akkök Holding,"Akkök Holding A.Ş., Turkey",,https://commons.wikimedia.org/wiki/File:Akk%C3%B6k_Holding_logo.png,"The Commons logo is only 72x123px (too small), and akkok.com.tr fails TLS verification through the proxy (incomplete certificate chain), so its logo files could not be downloaded."
Al Ain Holding,Al Ain Holding,failed,,ALAIN,"Al Ain Holding, Abu Dhabi, UAE; its current brand is ALAIN (alainam.ae)",,https://www.alainam.ae/wp-content/uploads/2025/04/alain-logo.svg,"The only logo on the official site is an all-white SVG wordmark, and the helper refused it; the og:image is a white 'A' on black, not a clean logo. There is no Wikimedia logo. Identity is fairly confident: the site's Salesforce subdomain is alainholding. The batch lists the sector as manufacturing but this is a real-estate and asset-management group."
Al Fahim,Al Fahim,failed,,Al Fahim,"Al Fahim Group, Abu Dhabi, UAE",,https://alfahim.com/wp-content/uploads/2023/06/Logo.png,"The site's only logo is a 168x60 PNG with a white wordmark, there is no SVG or dark version, and Wikimedia has no logo file."
Al Fakher Tobacco Factory,Al Fakher Tobacco Factory,failed,,Al Fakher,"Al Fakher Tobacco Factory (Al Fakher), Ajman, UAE",,https://images.squarespace-cdn.com/content/v1/66b4885f1e86da03215efed0/d697e610-2cf8-40fe-86a0-7438326dcdeb/AlFakher_logo.png,"The official site only has a white logo and no dark or colour variant; the one Commons file (Al Fakher Corporate Logo 3.jpg) is a photo of a screen with white text on red, not a clean logo."
Al Hosn Gas,Al Hosn Gas,exists,adnoc.png,ADNOC,"Al Hosn Gas, renamed ADNOC Sour Gas under ADNOC's single group brand, Abu Dhabi, UAE",official-site,https://www.adnoc.ae/en/adnoc-sour-gas,"Al Hosn Gas is now ADNOC Sour Gas and uses the ADNOC brand; the ADNOC Sour Gas page shows only the ADNOC logo, which is already in the library as adnoc.png. Worth adding Al Hosn Gas as an alias."
Al Jalila Children's Speciality Hospital,Al Jalila Children's Speciality Hospital,failed,,Al Jalila Children's,"Al Jalila Children's Specialty Hospital (now Al Jalila Children's Hospital, Dubai Health), Dubai, UAE",,,"Wikipedia and Commons have no logo file, and neither aljalilachildrens.ae nor dubaihealth.ae could be reached (the connections failed)."
Al Jazeera,Al Jazeera,done,al-jazeera-media-network.png,Al Jazeera Media Network,"Al Jazeera Media Network, Doha, Qatar",wikimedia,https://upload.wikimedia.org/wikipedia/en/8/8f/Al_Jazeera_Media_Network_Logo.svg,Bilingual stacked network lockup (SVG) from the Wikipedia infobox. The Al Jazeera Children's Channel member already has its own library logo (jeemtv.png).
Al Marjan Island,Al Marjan Island,failed,,Marjan,"Marjan (formerly Al Marjan Island LLC), master developer of Al Marjan Island, Ras Al Khaimah, UAE",,https://marjan.ae/hubfs/Marjan_2025/Images/logo_marjan_light.svg,"The only SVG on marjan.ae is the white version, and the navy PNG is only 257px wide; Commons has only 'AL MARJAN Logo.jpg', which is under 400px and not confirmed as this organisation."
Al Tamimi & Company,Al Tamimi & Company,done,al-tamimi-and-company.png,Al Tamimi and Co.,"Al Tamimi & Company, Dubai, UAE",official-site,https://www.tamimi.com/wp-content/themes/tamimi-2020-new-design/assets/img/brands/al-tamimi.svg,Official bilingual Arabic and English wordmark (SVG) from the site header.
Al Tayer Group,Al Tayer Group,failed,,Al Tayer Group,"Al Tayer Group, Dubai, UAE",,https://www.altayer.com/themes/altayer/images/al-tayer-logo.jpg,"The site header logo is a 165x35 JPG and no SVG or larger file was found; the Wikipedia logo (Al_Tayer_Group_logo.png) is only 351x62, so both are under 400px."
Al Turki Group,Al Turki Group,done,aa-turki-group.png,A. A. Turki Group,"A. A. Turki Group (ATCO, Abdulrahman Ali Al-Turki Company for Contracting and Trading), Dammam, Saudi Arabia",official-site,https://static.wixstatic.com/media/66273f_8904942b9bfe45ebaeb8dc0d99e55c2f~mv2.png,"Identified as the Saudi contracting group commonly called Al Turki Group (ATCO), which matches the engineering and construction sector. It was the only strong candidate, but please confirm."
Al Watania for Industries,Al Watania for Industries,failed,,Al Watania for Industries,"Al Watania for Industries, Riyadh, Saudi Arabia",,,"wataniaind.com timed out on every attempt (including a browser user agent), and Commons has no logo file."
Al-Ahli Bank of Kuwait,Al-Ahli Bank of Kuwait,done,abk.png,ABK,"Al Ahli Bank of Kuwait (ABK), Kuwait",wikimedia,https://upload.wikimedia.org/wikipedia/commons/5/52/ABK_Logo.svg,Current bilingual ABK logo (SVG) from the Wikipedia infobox.
Ali & Sons,Ali & Sons,done,ali-and-sons.png,Ali and Sons,"Ali & Sons Holding LLC, Abu Dhabi, UAE",official-site,https://cdn.prod.website-files.com/63b6ad58a2acb515e1682af0/63b6ad58a2acb50e6c682b7d_ali-sons-logo-colour.svg,Colour stacked lockup (SVG) from the site header.
Ali Bin Ali Group,Ali Bin Ali Group,failed,,Ali Bin Ali,"Ali Bin Ali Holding (Ali Bin Ali Group), Doha, Qatar",,,"alibinali.com blocks automated requests with a SiteGround captcha (a browser user agent did not help), and Commons has no logo file."
Alkhabeer Capital,Alkhabeer Capital,done,alkhabeer-capital.png,Alkhabeer Capital,"Alkhabeer Capital, Jeddah, Saudi Arabia",official-site,https://s3.eu-central-2.wasabisys.com/akc2026/wp-media-folder-alkhabeer-capital/media/2018/10/AKC_New-Logo-1_1.jpg,Full-colour stacked logo that the site uses as its og:image. The site header uses a white horizontal version with an Arabic line; that version has no colour file online.
Alsayer Group,Alsayer Group,failed,,Alsayer Group,"Alsayer Group (Mohammed Naser Al-Sayer and Sons), Kuwait",,,"alsayergroup.com and alsayer.com could not be reached (timeouts, and alsayer.com is a parked holding page), and Commons has no logo file."
Altrad,Altrad,done,altrad.png,Altrad,"Altrad Group, Montpellier, France (operating in the UAE)",wikimedia,https://upload.wikimedia.org/wikipedia/fr/3/34/Logo_Groupe_Altrad.svg,"The logo SVG from French Wikipedia; it matches the logo in the altrad.com header, which is only a 120px JPG."
Amcor,Amcor,done,amcor.png,Amcor,"Amcor plc, Zurich, Switzerland",official-site,https://assets.ctfassets.net/f7tuyt85vtoa/7mnp9hCyq2QfSYtX3u3f9R/110d19b906bec745e225ed9b9a1dc807/Brand_Foundations-Master-25.07.23.pdf,"Full-colour vertical lockup, rendered at 400 dpi from page 9 (Primary logo) of the brand guidelines on Amcor's media kit page. The Wikipedia PNG was only 248px and the site header logo only 150px."
American Chamber of Commerce in Belgium,American Chamber of Commerce in Belgium,done,amcham-belgium.png,AmCham Belgium,"American Chamber of Commerce in Belgium (AmCham Belgium), Brussels, Belgium",official-site,https://www.amcham.be/web/image/website/1/logo,
American Chamber of Commerce to the EU,American Chamber of Commerce to the EU,done,amcham-eu.png,AmCham EU,"American Chamber of Commerce to the European Union (AmCham EU), Brussels, Belgium",official-site,https://www.amchameu.eu/Logo.svg,"Full lockup (SVG) from the site header, including the tagline."
American Hospital Dubai,American Hospital Dubai,failed,,American Hospital Dubai,"American Hospital Dubai, Dubai, UAE",,https://www.ahdubai.com/img/ahd/logo-new.webp,"ahdubai.com returns a Cloudflare block (403) for the page and the logo file, even with a browser user agent, and Wikipedia and Commons have no logo file."
Amfori,Amfori; Foreign Trade Association,done,amfori.png,amfori,"amfori (formerly Foreign Trade Association), Belgium",official-site,https://www.amfori.org/,"No logo on Commons. Used the inline header SVG from amfori.org, filled with the site's brand blue #0055a4 taken from its stylesheet. Includes the tagline 'Trade with purpose' as on the site."
Amnesty International,Amnesty International,done,amnesty-international.png,Amnesty International,"Amnesty International, United Kingdom (International Secretariat)",wikimedia,https://upload.wikimedia.org/wikipedia/en/e/ee/Amnesty_International_logo.svg,Official lockup: black wordmark and candle on a yellow panel.
Andritz,Andritz,done,andritz.png,Andritz,"ANDRITZ AG, Austria",wikimedia,https://upload.wikimedia.org/wikipedia/commons/8/8a/Andritz_Logo.svg,
Angolan Embassy,Angolan Embassy,done,angola-coat-of-arms.png,Embassy of Angola,Embassy of the Republic of Angola (Angolan government); used the emblem of Angola,wikimedia,https://upload.wikimedia.org/wikipedia/commons/f/ff/Emblem_of_Angola.svg,Embassy rule: used the sending country's national emblem.
Arab Petroleum Investments Corporation (APICORP),Arab Petroleum Investments Corporation (APICORP),failed,,The Arab Energy Fund,"Arab Petroleum Investments Corporation (APICORP), Saudi Arabia, renamed The Arab Energy Fund in 2023",,https://taef.com/wp-content/uploads/logo.svg,"No logo on Commons, and taef.com only offers a white logo or white-on-purple images (taef-696.png, taef-1200.jpg), with no dark or colour version. apicorp.org and apicorp.com were unreachable."
Arabian Drilling Company,Arabian Drilling Company,done,arabian-drilling.png,Arabian Drilling,"Arabian Drilling Company, Saudi Arabia (arabdrill.com)",official-site,https://www.arabdrill.com/assets/images/ADC-logo-color.svg,No logo on Commons. This is the new brand shown on the site; arabiandrilling.com was unreachable.
arena,Arena Italia SPA,done,arena.png,arena,"Arena Italia S.p.A. (arena swimwear), Italy",official-site,https://www.arenasport.com/static/version1789980018/frontend/Hyva/arena/en_US/images/arena-logo.svg,"The Commons SVG rendered blurry, so used the site's header SVG, which is the same mark."
Argaam,Argaam,failed,,Argaam,"Argaam Investment Company, Saudi Arabia (argaam.com)",,,"Commons Argaam.png is 172x56 and the site header logos are 122 to 132px, all too small. The og:image is a white wordmark on an orange banner, not a clean logo, and the only site SVG is the separate 'Argaam Tools' mark."
Association of University Directors of Estates (AUDE),Association of University Directors of Estates (AUDE),failed,,AUDE,"Association of University Directors of Estates (AUDE), United Kingdom",,https://www.aude.ac.uk/images/logo-new.jpg,"No Commons file. The only logo on aude.ac.uk is a 300x150 JPG, below the 400px minimum, and no SVG, larger file or press page was found."
Atlantis the Palm,Atlantis the Palm,done,atlantis-the-palm.png,Atlantis The Palm,"Atlantis The Palm, Dubai (Kerzner International resort, Dubai Holding), UAE",official-site,https://kerzner.a.bigcontent.io/v1/static/atlantis-atd-desktop-logo,Current header logo on atlantis.com/dubai is the 'ATLANTIS DUBAI' wordmark in blue (SVG). Wikipedia could not be checked because of repeated 429 rate limits.
Atradius,Atradius,done,atradius.png,Atradius,"Atradius N.V. (trade credit insurer), Netherlands",official-site,https://group.atradius.com/dam/jcr:d14b35d9-91f9-4512-83e3-c761daa2461b/logoAtradius_tagline_red.svg,"The Commons SVG is the older grey-text version and the 2024 Commons PNG is too small (317px). Used the current red lockup from the site, which includes the tagline."
Australian Government,Australian High Commission UK,done,australia-coat-of-arms.png,Australian High Commission,"Australian High Commission, London (Australian Government); used the Commonwealth Coat of Arms",wikimedia,https://upload.wikimedia.org/wikipedia/commons/c/c5/Coat_of_arms_of_the_Commonwealth_of_Australia.svg,Embassy rule: used the sending country's coat of arms.
Avaya,Avaya,done,avaya.png,Avaya,"Avaya LLC, United States (UAE office)",wikimedia,https://upload.wikimedia.org/wikipedia/commons/8/8b/Avaya_Logo.svg,Matches the red logo on avaya.com today.
Nar (not Azercell),Azerfon,done,nar.png,Nar,"Nar (formerly Azerfon), mobile operator, Azerbaijan",official-site,https://www.nar.az/media/uploads/images/nar_logo.png,"The Commons logo is 294px, too small. Used the red 'nar' wordmark PNG from nar.az (894x831). The site header also shows a speech-bubble version whose colours are set by CSS variables that could not be resolved."
B. Braun,B. Braun,done,b-braun.png,B. Braun,"B. Braun SE, Germany",wikimedia,https://upload.wikimedia.org/wikipedia/commons/d/d5/Bbraun.svg,
B.C. Office of the Human Rights Commissioner,B.C. Office of the Human Rights Commissioner,done,bc-human-rights-commissioner.png,BC Office of the Human Rights Commissioner,"British Columbia's Office of the Human Rights Commissioner, Canada",official-site,https://bchumanrights.ca/wp-content/uploads/2024/02/bcohrc-logo-standard.svg,No logo on Commons. Used the office's own colour logo.
Heathrow (current mark),BAA Heathrow,done,heathrow.png,Heathrow,"Heathrow Airport Limited, United Kingdom (formerly BAA Heathrow)",official-site,https://www.heathrow.com/content/dam/heathrow/web/common/images/no-aspect-ratio/logo/heathrow-brand-logo/purple-logo/purple-heathrow-logo.png,"The Commons file is the 2013 version with the tagline 'Making every journey better'. Used the current purple wordmark from heathrow.com (551px raster, tile 617px)."
Sharjah BEEAH,BEEAH,failed,,BEEAH,"BEEAH Group, Sharjah, UAE (beeahgroup.com)",,https://www.beeahgroup.com/,"No logo on Commons. Every logo on beeahgroup.com (header SVGs, Asset-1.svg) has white 'BEEAH' text meant for dark backgrounds, and no dark or colour version was found."
BIPA,BIPA,done,bahrain-ipa.png,Bahrain Institute of Public Administration,"Institute of Public Administration (BIPA), Kingdom of Bahrain (ipa.gov.bh)",official-site,https://www.ipa.gov.bh/wp-content/uploads/2018/11/newlogo_02.png,No logo on Commons. Used the institute's own bilingual logo with the Bahrain emblem. The site now names it 'Institute of Public Administration'.
BOC,BOC,failed,,BOC,"BOC Limited (a Linde company), United Kingdom",,https://upload.wikimedia.org/wikipedia/commons/c/c4/Logo_The_BOC_Group.svg,"Commons only has the old red BOC Group logo from before Linde, not today's mark. The UK site (bocgases.co.uk) builds its logo with JavaScript so it could not be found in the page, and boc.com.au was unreachable."
BSA Ahmad Bin Hezeem & Associates,BSA Ahmad Bin Hezeem & Associates,done,bsa-law.png,BSA Law,"BSA Law (formerly BSA Ahmad Bin Hezeem and Associates), UAE",official-site,https://bsalaw.com/wp-content/uploads/2023/09/Frame-4393.svg,"The firm renamed itself BSA Law and bsabh.com redirects to bsalaw.com, so this is its current logo. No logo on Commons."
Badak NGL,Badak NGL,done,badak-lng.png,Badak LNG,"PT Badak Natural Gas Liquefaction (Badak LNG), Bontang, Indonesia",wikimedia,https://upload.wikimedia.org/wikipedia/commons/thumb/4/4b/Badak_NGL_new_logo_%28since_2018%29.svg/1280px-Badak_NGL_new_logo_%28since_2018%29.svg.png,Stacked lockup (since 2018). Built from Wikimedia's PNG render because the SVG original stayed rate-limited (429).
Bahrain Chamber of Commerce and Industry,Bahrain Chamber of Commerce and Industry,done,bahrain-chamber.png,Bahrain Chamber,"Bahrain Chamber of Commerce and Industry, Bahrain",official-site,https://www.bahrainchamber.bh/assets/images/bcci-Logo.svg,Bilingual Arabic/English logo as used in the site header. Wikipedia page has no logo.
Bahrain Court of the Crown Prince,Bahrain Court of the Crown Prince,done,bahrain-coat-of-arms.png,Court of the Crown Prince,"Court of the Crown Prince, Kingdom of Bahrain",wikimedia,https://upload.wikimedia.org/wikipedia/commons/0/08/Coat_of_Arms_of_The_Kingdom_of_Bahrain.svg,"The Court's own crest-and-name lockup exists only in white (crownprince.bh footer-logo-en.svg), so the tile uses the national coat of arms. crownprince.bh also shows this crest in colour in its header. File is named generically so it can be reused for other Bahrain government bodies."
Bahrain Economic Development Board (EDB),Bahrain Economic Development Board (EDB); EDB Bahrain,failed,,Bahrain EDB,"Bahrain Economic Development Board, Bahrain",,,"The Wikipedia article has no logo and Commons searches were rate-limited or found nothing; bahrainedb.com only returns an AWS WAF human-verification page to automated requests, even with a browser user agent."
Bahrain Education and Training Quality Authority (BQA),Bahrain Education and Training Quality Authority (BQA); Bahrain Quality Assurance Authority for Education and Training,done,bqa.png,Education and Training Quality Authority,"Education and Training Quality Authority (BQA), Kingdom of Bahrain",official-site,https://784ec626.delivery.rocketcdn.me/wp-content/uploads/2024/10/BQA-Horizontal-Logo-with-Descriptor__BQA-Horizontal-Logo-with-Descriptor-2-e1728813697321.png,"Bilingual horizontal lockup from the site header (raster, 999px wide). The site's file named logo.png turned out to be the Bahrain SDGs 2030 mark and was discarded."
Bahrain GHQ Defense Force,Bahrain GHQ Defense Force,failed,,Bahrain Defence Force,"Bahrain Defence Force (General Command), Kingdom of Bahrain",,,"Commons has only BDF flags and no BDF emblem. The official site bdf.bh has the emblem-with-name only as a 392x360 raster (347px after trim), below the 400px minimum."
Bahrain National Holding,Bahrain National Holding,failed,,Bahrain National Holding,"Bahrain National Holding B.S.C. (BNH), Bahrain",,,"No Wikipedia article or Commons logo. The only logo on bnh.bh is a 175x70 PNG (too small), no SVG was found, and bnhgroup.com is unreachable."
Bank al Etihad,Bank al Etihad,done,bank-al-etihad.png,Bank al Etihad,"Bank al Etihad, Jordan",official-site,https://websitev3-cms-cdn.bankaletihad.com/2026/05/Lockup-Left-English.svg,"Current English left-aligned lockup from the site (dark charcoal, the brand's colourway). The CDN refused the helper's user agent, so the file was fetched with a browser user agent and passed as a local file. Wikipedia has no logo."
Bank of America,Bank of America,done,bank-of-america.png,Bank of America,"Bank of America Corporation, United States",wikimedia,https://upload.wikimedia.org/wikipedia/commons/2/20/Bank_of_America_logo.svg,
Baxter Healthcare,Baxter Healthcare,done,baxter.png,Baxter,"Baxter International Inc. (Baxter Healthcare), United States",wikimedia,https://upload.wikimedia.org/wikipedia/commons/d/d4/Baxter.svg,
Bazaarvoice,Bazaarvoice,done,bazaarvoice.png,Bazaarvoice,"Bazaarvoice, Inc., Austin, United States",official-site,https://www.bazaarvoice.com/,"Inline SVG from the site header (id=logo), saved locally. It is the b: speech-bubble symbol only; the site header and press page use only this symbol and no wordmark lockup was found. The Wikipedia logo is a 316px JPG (too small). Worth a visual check."
BirdLife Europe,BirdLife Europe,done,birdlife-europe.png,BirdLife Europe and Central Asia,"BirdLife Europe and Central Asia, Brussels, Belgium",official-site,https://www.birdlife.org/wp-content/uploads/2025/09/Europe-Central-Asia_Colour.png,Regional stacked lockup from birdlife.org (Commons only has the parent BirdLife International logo).
Bost (Ghana),Bost (Ghana),failed,,BOST,"Bulk Oil Storage and Transportation Company Ltd (BOST), Ghana",,,"The Wikipedia article (BOST Energies) has no logo. The official site bost.com.gh does not resolve (DNS failure, proxy 502), so its corporate-identity page could not be reached."
Botswana Public Officers Pension Fund,Botswana Public Officers Pension Fund,failed,,BPOPF,"Botswana Public Officers Pension Fund (BPOPF), Botswana",,,"No Wikipedia article. The only logo on bpopf.co.bw is a 256x215 favicon (symbol only, too small); no header logo file, SVG or press kit was found."
Breast International Group (BIG),Breast International Group (BIG),done,breast-international-group.png,Breast International Group,"Breast International Group (BIG), Brussels, Belgium",official-site,https://bigagainstbreastcancer.org/images/BIG-Logo.png,The Wikipedia article has no logo. Note: BIG announced in December 2025 that it will close by the end of 2026; this is the logo on its current site.
British Association of Dermatologists,British Association of Dermatologists,done,british-association-of-dermatologists.png,British Association of Dermatologists,"British Association of Dermatologists, United Kingdom",official-site,https://cdn.bad.org.uk/uploads/2025/01/15124016/badLogoHeader-adeac0616b85ca8f8c9d06bc740a04c3.svg,"Header lockup, which includes the tagline 'Healthy skin for all'. Wikipedia has no logo."
British College of Osteopathic Medicine,British College of Osteopathic Medicine,failed,,British College of Osteopathic Medicine,"British College of Osteopathic Medicine (BCOM, part of BCNO Group), London, United Kingdom",,,"On Wikipedia/Commons the only image is a photo of the building, not a logo. bcom.ac.uk has only white logos (bcom-logo-white.png and a white BCNO group strip), and no dark or colour variant could be found."
Asthma + Lung UK,British Lung Foundation,failed,,Asthma and Lung UK,"Asthma + Lung UK (successor to British Lung Foundation), United Kingdom",,,"The Wikipedia logo is a 320x304 PNG. On the official site the stacked logo is 320x304 and the horizontal logo 772x304 (321px after trim), with no SVG; all are below the 400px minimum."
Bruegel,Bruegel,done,bruegel.png,Bruegel,"Bruegel (economic think tank), Brussels, Belgium",official-site,https://www.bruegel.org/,"Inline stacked SVG from the site header (symbol plus 'bruegel' wordmark). It uses currentColor, which was set to black."
Brunei Civil Service Institute,Brunei Civil Service Institute,done,brunei-civil-service-institute.png,Civil Service Institute Brunei,"Institut Perkhidmatan Awam (Civil Service Institute), Prime Minister's Office, Brunei Darussalam",official-site,https://www.ipa.gov.bn/wp-content/uploads/2024/12/IPA-LOGO-WITH-JAWI-WEBSITE-BANNER-v4.png,"Official header lockup: state emblem, IPA crest, Jawi and Malay name. No Wikipedia logo."
Bulgaria Council of Ministers,Bulgaria Council of Ministers,done,bulgaria-council-of-ministers.png,Bulgaria Council of Ministers,Council of Ministers of the Republic of Bulgaria (Bulgaria),,,"The government has no mark of its own and gov.bg uses the national coat of arms. The library already has bulgaria-coat-of-arms.png, currently captioned 'Bulgaria Ministry of Environment and Water'."
Bunduq,Bunduq,done,bunduq.png,Bunduq,"Bunduq Oil Producing Company (Bunduq Company Ltd), Abu Dhabi, UAE",official-site,https://www.bunduq.com/images/logo.png,No Wikipedia page or Commons file; used the site header logo (1174x1224 PNG).
Bureau International des Expositions (BIE),Bureau International des Expositions (BIE),failed,,Bureau International des Expositions,"Bureau International des Expositions (BIE), Paris, France",,https://www.bie-paris.org/site/images/bie-logo.png,"The site uses a symbol-plus-name lockup, but only as a 183px PNG, and Commons has only the bare globe symbol (built, then deleted)."
CGI,CGI (Philippines),done,cgi.png,CGI,"CGI Inc. (Canada), parent of CGI Philippines",wikimedia,https://upload.wikimedia.org/wikipedia/commons/3/32/CGI_logo.svg,
CST,CITC; Communication and Information Technology Commission (CITC),done,cst.png,"Communications, Space and Technology Commission","Communications, Space and Technology Commission (CST), Saudi Arabia, formerly CITC",wikimedia,https://upload.wikimedia.org/wikipedia/commons/c/c5/Cstlogo.svg,"Bilingual Arabic/English lockup. Its English line contains an ampersand, which is part of the logo artwork."
CNOOC,CNOOC,done,cnooc.png,CNOOC,"China National Offshore Oil Corporation (CNOOC), China; parent of CNOOC Uganda",wikimedia,https://upload.wikimedia.org/wikipedia/en/0/00/CNOOC_Logo.svg,
CPP Investment Board,CPP Investment Board,done,cpp-investments.png,CPP Investments,"Canada Pension Plan Investment Board (CPP Investments), Canada",wikimedia,https://upload.wikimedia.org/wikipedia/commons/0/0a/CPP_Investment_Board_Logo.svg,Current CPP Investments wordmark.
Cairn India,Cairn India,done,cairn-india.png,Cairn India,"Cairn India Limited (India), merged into Vedanta Limited",wikimedia,https://upload.wikimedia.org/wikipedia/commons/thumb/3/36/Cairn_India_SVG_Logo.svg/1280px-Cairn_India_SVG_Logo.svg.png,"Last Cairn logo, which includes the tagline 'We Fuel Amazing'. Built from Wikimedia's 1280px PNG render because the SVG original stayed rate-limited. If the Vedanta parent logo is preferred, Commons has File:Vedanta Logo.svg."
Cambridge Consultants,Cambridge Consultants,done,cambridge-consultants.png,Cambridge Consultants,"Cambridge Consultants Ltd (United Kingdom), part of Capgemini Invent",official-site,https://www.cambridgeconsultants.com/wp-content/uploads/2023/07/cambridge-consultants-logo.png,Dark variant of the header lockup. It includes the line 'Part of Capgemini Invent'.
Camfil,Camfil,done,camfil.png,Camfil,"Camfil AB (Sweden), including Camfil Middle East",official-site,https://www.camfil.com/en/,"Inline header SVG from camfil.com, with currentColor set to the site's brand green #008457."
Canadian Embassy Croatia,Canadian Embassy Croatia,done,canada-coat-of-arms.png,Canadian Embassy Croatia,Embassy of Canada to Croatia (Government of Canada),wikimedia,https://upload.wikimedia.org/wikipedia/en/4/4f/Coat_of_arms_of_Canada.svg,Embassy uses the Canadian coat of arms. This rendering has the St Edward's Crown; Canada adopted a Tudor-crown version in 2023.
Canyon Ranch,Canyon Ranch Spa Club,done,canyon-ranch.png,Canyon Ranch,"Canyon Ranch (United States wellness resort brand), for Canyon Ranch Spa Club",wikimedia,https://upload.wikimedia.org/wikipedia/commons/thumb/6/61/Canyon_Ranch_black.jpg/500px-Canyon_Ranch_black.jpg,"The 900px original was rate-limited, so this uses the 500px Wikimedia render of the same file; the logo is 455px wide after trimming. canyonranch.com blocked automated requests (406), so the mark could not be checked against the live site."
Capital Club,Capital Club,failed,,Capital Club Dubai,"Capital Club Dubai (business club in DIFC, UAE)",,https://capitalclubdubai.com/wp-content/uploads/2021/04/CC_Logo-white-01small-01-e1619435899850-2048x606.png,"The site only has a white logo; the dark version appears only inside a photo collage in the og:image, and Commons has no file."
Capital Markets Authority Kenya,Capital Markets Authority Kenya,failed,,Capital Markets Authority Kenya,"Capital Markets Authority (CMA), Kenya",,https://www.cma.or.ke/wp-content/uploads/2022/11/cma-logo-horizontal-1.png,"Both sources are below 400px: the Wikimedia file (234x215) and the site logos (392x101 and 151x138), with no SVG."
Caritas,Caritas,done,caritas.png,Caritas Internationalis,Caritas Internationalis (Vatican City),wikimedia,https://upload.wikimedia.org/wikipedia/en/b/b8/Caritas_Internationalis_SVG_logo.svg,Confederation lockup used because the member entry gives no country.
Catholic Relief Services,Catholic Relief Services,done,catholic-relief-services.png,Catholic Relief Services,"Catholic Relief Services (CRS), United States",official-site,https://www.crs.org/sites/default/files/2025/07/14/crs_logo-blue_0.png,Blue CRS lockup (symbol plus CRS) from the site header. The version with the full name spelled out exists only as a white 200px PNG.
Central Arriyadh Development Company (CADC),Central Arriyadh Development Company (CADC); Riyadh Central Ar Development Company (CADC),failed,,Central Arriyadh Development Company,"Central Arriyadh Development Company (CADC), a PIF-backed Riyadh developer, Saudi Arabia",,,"Identity unclear: no official site or logo could be found. Candidates are a PIF-backed firm listed at Al-Nakheel, Riyadh, the listed Arriyadh Development Co (ARDCO) and Riyadh Development Company (riyadh.dev)."
Central Bank of Kenya,Central Bank of Kenya,failed,,Central Bank of Kenya,"Central Bank of Kenya, Kenya",,https://www.centralbank.go.ke/wp-content/uploads/2016/09/NewLogoCBK.png,"Both sources are below 400px: the Wikipedia logo (354x281) and the site logo (208x171), with no SVG."
Central Bank of Oman,Central Bank of Oman,failed,,Central Bank of Oman,"Central Bank of Oman, Oman",,https://upload.wikimedia.org/wikipedia/commons/7/7c/Central_Bank_of_Oman_logo.png,"The Wikimedia logo is only 182x183, and cbo.gov.om could not be reached from here."
Central Bank of the Bahamas,Central Bank of the Bahamas,done,central-bank-of-the-bahamas.png,Central Bank of The Bahamas,"Central Bank of The Bahamas, Bahamas",official-site,https://cdn.centralbankbahamas.com/tenantcbob_prod/assets/images/upimages/logo-1771231681-KYPsDe.png,"Raster is 470x200, just over the size minimum. The Wikipedia file was too small (317px)."
Chalhoub Group,Chalhoub Group; MCT FZE Chaloub Group,failed,,Chalhoub Group,"Chalhoub Group (Dubai, UAE)",,https://www.chalhoubgroup.com/Content/images/logo.png,"The navy tughra header logo is only 323x298, the bilingual wordmark on the site is white-only, and Commons has no file."
Chartered Institute of Legal Executives,Chartered Institute of Legal Executives,done,cilex.png,CILEX,"Chartered Institute of Legal Executives (CILEX), United Kingdom",official-site,https://www.cilex.org.uk/wp-content/uploads/CILEX-Logo.png,Commons file CILEX_Logo_in_Full_Colour.png kept returning 429; used the official site's large transparent PNG (2953px) of the same mark.
Chiesi Group,Chiesi Group,done,chiesi.png,Chiesi,"Chiesi Farmaceutici S.p.A. (Chiesi Group), Italy",official-site,https://www.chiesi.com/assets/img/logo/logo-chiesi.svg,"The Commons SVG stayed rate-limited (429), so the official site's SVG was used instead."
Cicero Consulting,Cicero Consulting,done,h-advisors.png,H/Advisors,"Cicero Consulting Ltd (Cicero Group), UK, now H/Advisors Cicero, part of Havas's H/Advisors UK",official-site,https://uk.h-advisors.global/wp-content/uploads/sites/32/2025/01/logo-hadvisors-light-mode.png,"Treated as a successor: cicero-group.com now redirects to uk.h-advisors.global, which shows only the generic H/Advisors wordmark (there is no Cicero-specific lockup). The source is a raster only 436px wide. Will may prefer to caption it H/Advisors Cicero."
Cigna,Cigna International Health Services,done,cigna-healthcare.png,Cigna Healthcare,"Cigna Healthcare (Cigna International Health Services), part of The Cigna Group, USA/Belgium",official-site,"https://www.cigna.com/ (inline header SVG, aria-label 'Cigna logo')","Wikipedia's Cigna logo is The Cigna Group's corporate mark. The international health business trades as Cigna Healthcare, so I used the Cigna Healthcare lockup from cigna.com instead."
Citadele Banka,Citadele Banka,done,citadele.png,Citadele,"AS Citadele banka, Latvia",official-site,https://www.citadele.lv/themes/citadele_lv/assets/images/icons/desktop-logo.svg,"The logo is white text on a red block, which is the brand's own mark. The Commons PNG shows the same mark, but I used the SVG from the official site."
Citi,CitiBusiness,done,citi.png,Citi,"Citigroup Inc. (Citi), USA; parent of CitiBusiness",wikimedia,https://upload.wikimedia.org/wikipedia/commons/7/73/Citi_logo_March_2023.svg,
"City St George's, University of London",City University of London,done,city-st-georges-university-of-london.png,"City St George's, University of London","City St George's, University of London, UK (successor to City, University of London)",official-site,https://www.staff.sgul.ac.uk/about/marketing-recruitment-and-admissions/our-brand/csg-templates-and-downloads/images/City-St-Georges-Logo-Primary-Internal.png,"The Wikipedia logo is only 310px wide, too small. The main site returned 403, so I took the primary stacked crest lockup from the university's own staff brand-downloads page."
City of London Corporation,City of London Corporation,done,city-of-london-corporation.png,City of London Corporation,"City of London Corporation, United Kingdom",wikimedia,https://upload.wikimedia.org/wikipedia/commons/c/c1/City_of_London_logo.svg,"The corporation's site header shows the crest alone with no wordmark, so the crest is the mark."
City of San Francisco Department of the Environment,City of San Francisco Department of the Environment,done,san-francisco-environment-department.png,San Francisco Environment Department,"San Francisco Environment Department (formerly Department of the Environment), City and County of San Francisco, USA",official-site,https://www.sfenvironment.org/themes/custom/fp_theme/img/logo_30.png,"This is the 30th-anniversary version the site header uses today; no standard non-anniversary version was available. There is no Wikipedia page for the department, and Commons was rate-limited."
Civil Aviation Authority of Zimbabwe,Civil Aviation Authority of Zimbabwe,done,civil-aviation-authority-of-zimbabwe.png,Civil Aviation Authority of Zimbabwe,"Civil Aviation Authority of Zimbabwe (CAAZ), Zimbabwe",official-site,https://www.caaz.co.zw/wp-content/uploads/2022/06/Civil-Aviation-Authority-of-Zimbabwe-logo.jpg,The Wikipedia page has no logo. The raster source gives a mark only 409px wide after trimming.
Clarksons,Clarksons,done,clarksons.png,Clarksons,"Clarkson PLC (Clarksons), UK-headquartered shipping services group",official-site,https://www.clarksons.com/media/gi4pkks0/clarksons-bigger-flag-red.svg,"Wikipedia has only the favicon symbol, so I used the full lockup from the site header."
Cleveland Clinic,Cleveland Clinic Foundation,done,cleveland-clinic.png,Cleveland Clinic,"Cleveland Clinic Foundation, Ohio, USA",wikimedia,https://upload.wikimedia.org/wikipedia/commons/f/fb/Cleveland_Clinic_logo.svg,This is separate from the existing cleveland-clinic-abu-dhabi.png in the library.
Commercial Bank of Dubai,Commercial Bank of Dubai,done,commercial-bank-of-dubai.png,Commercial Bank of Dubai,"Commercial Bank of Dubai PSC, UAE",wikimedia,https://upload.wikimedia.org/wikipedia/en/2/20/Commercial_Bank_of_Dubai_logo.svg,The bilingual Arabic/English logo is kept.
Communications Authority of Kenya,Communications Commission of Kenya,done,communications-authority-of-kenya.png,Communications Authority of Kenya,"Communications Authority of Kenya (successor to the Communications Commission of Kenya), Kenya",official-site,https://www.ca.go.ke/sites/default/files/2026-07/Annual%20Report%20FY%202024-2025.pdf,"Wikipedia has no logo, and the site header logo is only 282x92, so I took the vector lockup from the title page (page 3, on white) of the Authority's Annual Report 2024-25 on ca.go.ke. It matches the site header logo."
Concorde El Salam Hotels,Concorde El Salam Hotels,failed,,Concorde El Salam Hotels,"Concorde El Salam Hotels, Egypt (owner of Concorde El Salam Cairo and Sharm El Sheikh hotels)",,,"There is no Wikipedia page and no official group website. The hotels now trade as Royal Tulip-branded properties, and their official Golden Tulip site returned 403, so no official group logo could be sourced."
Continental,Continental,done,continental.png,Continental,"Continental AG, Germany (automotive supplier)",wikimedia,https://upload.wikimedia.org/wikipedia/commons/3/3f/Continental_logo.svg,Black wordmark with the horse symbol.
DAI,DAI,done,dai.png,DAI,"DAI Global, LLC, USA (international development firm)",official-site,"https://www.dai.com/ (inline header SVG, g#logo)","The Wikipedia PNG was only 378px on a beige ground, so I used the inline SVG from dai.com."
DECIEM,DECIEM,done,deciem.png,DECIEM,"DECIEM Beauty Group Inc., Canada",official-site,https://deciem.com/cdn/shop/files/logo_medium.svg?v=1752535781,"The logo is a black block reading 'The Abnormal Beauty Company. DECIEM', as used on the site. There is no Wikipedia page."
DEWA,DEWA,done,dewa.png,DEWA,"Dubai Electricity and Water Authority (DEWA), UAE",wikimedia,https://upload.wikimedia.org/wikipedia/commons/d/dd/Logo_of_DEWA.png,"The bilingual logo is kept. The raster is only 501px wide; dewa.gov.ae blocked requests (403), so no SVG was found."
DFE Pharma,DFE Pharma,done,dfe-pharma.png,DFE Pharma,"DFE Pharma GmbH and Co. KG, Germany",official-site,https://dfepharma.com/ (inline header SVG symbol #logo),There is no Wikipedia page.
DIFC Courts,DIFC Courts,done,difc-courts.png,DIFC Courts,"Dubai International Financial Centre Courts (DIFC Courts), UAE",wikimedia,https://upload.wikimedia.org/wikipedia/en/b/b4/Official_DIFC_Courts_Logo.png,Used the DIFC Courts' own bilingual logo rather than the DIFC mark. The raster is only 454px wide.
DIGITALEUROPE,DIGITALEUROPE,done,digitaleurope.png,DIGITALEUROPE,"DIGITALEUROPE (European digital industry trade association), Belgium",wikimedia,https://upload.wikimedia.org/wikipedia/commons/thumb/6/63/Logo_DIGITALEUROPE.svg/1280px-Logo_DIGITALEUROPE.svg.png,Wikimedia PNG render used because the SVG original was rate-limited (429). It matches the header SVG on digitaleurope.org.
DMCC,DMCC; Dubai Multi Commodities Centre,done,dmcc.png,DMCC,"DMCC (Dubai Multi Commodities Centre Authority), UAE",official-site,https://dmcc.ae/,Inline SVG wordmark taken from the dmcc.ae site header. The Wikimedia file Logo-DMCC.jpg is only 200px.
DMG Events,DMG Events,failed,,dmg events,"dmg events (DMG Events Ltd), Dubai, UAE",,https://www.dmgevents.com/media/1119/dmg-events.svg,"The only logo on the official site is white text with green dots, and no dark or colour variant was found there or on Wikimedia."
Centrient,DSM Sinochem Pharmaceuticals (DSP),failed,,Centrient Pharmaceuticals,"Centrient Pharmaceuticals (formerly DSM Sinochem Pharmaceuticals), Netherlands",,https://centrient.com/assets/images/logo.png,"The official site logo is a 168x100 PNG, too small with no SVG or press-kit version, and there is no Wikipedia page or Commons logo."
Dubai Silicon Oasis,DSOA; Dubai Silicon Oasis Authority,failed,,Dubai Silicon Oasis,"Dubai Silicon Oasis (Dubai Integrated Economic Zones), UAE",,https://www.dso.ae/documents/d/dubai-silicon-oasis/logo-svg?download=true,"Every logo on dso.ae (the bilingual SVG, the small version and the theme logo) is white only, and the Wikipedia article and Commons have no logo."
DUCAB,DUCAB,failed,,Ducab,"Ducab (Dubai Cable Company), UAE",,https://ducab.com/,"ducab.com blocks automated requests with a Cloudflare challenge even with a browser user agent, and there is no Wikipedia page or Commons logo."
OQ8,DUQM Refinery,done,oq8.png,OQ8,"OQ8 (Duqm Refinery and Petrochemical Industries Company), Oman",official-site,https://oq8.om/_next/image?url=https%3A%2F%2Fbe.oq8.om%2Fmedia%2Faqri0eg3%2Foq8-horizontal-logo-deep-blue-rgb.png&w=1920&q=75,"The stacked primary logo exists only in white, so the site's deep-blue horizontal bilingual lockup (OQ8 with Duqm Refinery in Arabic and English) was used."
Daleel Petroleum,Daleel Petroleum,failed,,Daleel Petroleum,"Daleel Petroleum LLC, Oman",,https://daleelpetroleum.com/images/logo/logo-color.png,"The official colour logo is only 130x31 with no SVG or larger version on the site, and there is no Wikipedia page or Commons logo."
Damas,Damas,failed,,Damas,"Damas Jewellery (Damas LLC), Dubai, UAE",,https://www.damasjewellery.com/images/logo.png,"The site logo is a 340x81 PNG, too small, the logo.svg in its schema data returns 404, and there is no Wikipedia or Commons logo."
Dana Gas,Dana Gas,failed,,Dana Gas,"Dana Gas PJSC, Sharjah, UAE",,https://www.danagas.com/,"danagas.com is behind an Incapsula bot challenge, and the Dana Gas Wikipedia article has no logo file."
Danish Embassy UK,Danish Embassy UK,done,denmark-coat-of-arms.png,Embassy of Denmark,"Royal Danish Embassy in London, United Kingdom (Government of Denmark)",wikimedia,https://upload.wikimedia.org/wikipedia/commons/thumb/1/1a/National_coat_of_arms_of_Denmark.svg/1280px-National_coat_of_arms_of_Denmark.svg.png,"Embassy, so the sending country's national coat of arms was used."
Dar Al-Hekma University,Dar Al-Hekma University,done,dar-al-hekma-university.png,Dar Al-Hekma University,"Dar Al-Hekma University, Jeddah, Saudi Arabia",official-site,https://www.dah.edu.sa/assets/images/logo-big.png,Bilingual seal and name lockup. The only Wikipedia infobox image is an old college photo.
DeLaval International,DeLaval International,done,delaval.png,DeLaval,"DeLaval International AB, Sweden",official-site,https://www.delaval.com/,"Vector logo taken from delaval.com. The inline SVG is white, so the site's own dark variant colour (#103D82, defined in the site's logo component) was applied."
Debiopharm,Debiopharm,done,debiopharm.png,Debiopharm,"Debiopharm International SA, Switzerland",official-site,https://www.debiopharm.com/wp-content/themes/debiopharm/static/img/logo-debiopharm.svg,"Wikimedia file Debiopharm_Logo.svg was rate-limited (429), so the official site header SVG was used."
Debra,Debra,failed,,DEBRA,"DEBRA UK (butterfly skin charity), United Kingdom",,https://www.debra.org.uk/wp-content/uploads/2024/04/debra-logo_353x120.png,"The official logo is a 353x120 PNG with no SVG or larger version on the site or its brand news page, and there is no Wikipedia or Commons logo."
Decision Support Centre (DSC),Decision Support Centre (DSC); DSC Decision Support Center,failed,,Decision Support Center,"Decision Support Center (Royal Court), Saudi Arabia",,https://www.dsc.gov.sa/en/,"dsc.gov.sa cannot be reached from here (connection closed), and there is no Wikipedia page or Commons logo. Group has its own mark, so the coat-of-arms fallback was not applied."
Dedrone,Dedrone,done,dedrone.png,Dedrone,"Dedrone (Dedrone by Axon), Germany/USA",official-site,https://cdn.prod.website-files.com/58fa92301759990d60953ccf/66157260d20f6967704d10db_Dedrone_Security_Black.svg,The logo used in the site header is black. A 'Dedrone by Axon' lockup also exists but is not used in the header.
Delivery Hero,Delivery Hero,done,delivery-hero.png,Delivery Hero,"Delivery Hero SE, Berlin, Germany",wikimedia,https://upload.wikimedia.org/wikipedia/en/thumb/5/54/Delivery_Hero_food_delivery_logo.svg/1280px-Delivery_Hero_food_delivery_logo.svg.png,"This is the logo from the English Wikipedia infobox, as a PNG render."
Delta Partners,Delta Partners,failed,,Delta Partners,"Delta Partners (TMT advisory firm, Dubai, UAE; acquired by FTI Consulting in 2021)",,https://www.deltapartnersgroup.com/,"The firm was absorbed into FTI Consulting and its domain now redirects to fticonsulting.com, so its last logo is not on any official site, and there is no Wikipedia or Commons logo."
Deutsche Post,Deutsche Post,done,deutsche-post.png,Deutsche Post,"Deutsche Post (DHL Group's German postal brand), Germany",wikimedia,https://upload.wikimedia.org/wikipedia/commons/thumb/8/84/Logo_Deutsche_Post_2019.svg/1280px-Logo_Deutsche_Post_2019.svg.png,Full lockup (Deutsche Post name and post horn on the yellow band). The deutschepost.de header shows only the bare horn symbol.
Diamond Light Source,Diamond Light Source,failed,,Diamond Light Source,"Diamond Light Source Ltd, UK national synchrotron facility (Harwell, United Kingdom)",,,"Both logo files are too small: the Wikipedia DiamondLogo.png trims to 300x85, and the site's only logo, Diamondlogoupdate2019R.png, is 168x53. Cloudflare blocks the site and its press page offers no logo download."
Dirco,Dirco,done,dirco.png,DIRCO,"Department of International Relations and Cooperation (DIRCO), Republic of South Africa",official-site,https://dirco.gov.za/wp-content/uploads/2020/04/DIRCO-website-header-scaled.jpg,"The lockup (coat of arms plus department name) was cropped from the official site header banner and faint background lines were cleaned off, giving a 506px raster. The Wikipedia file was too small (358x109)."
Directors UK,Directors UK,done,directors-uk.png,Directors UK,"Directors UK, professional association of screen directors (United Kingdom)",official-site,https://www.directors.uk.com/,Built from the full-colour inline SVG logo in the site header. Wikipedia has no logo.
Diriyah Company,Diriyah Gate Development Authority,done,diriyah-company.png,Diriyah Company,"Diriyah Company (formerly Diriyah Gate Development Authority), Saudi Arabia",official-site,https://www.diriyahcompany.sa/en,"Built from the bilingual roundel logo in terracotta, taken as inline SVG from the site header. There is no Wikipedia page."
Discovery Communications Europe,Discovery Communications Europe,done,warner-bros-discovery.png,Warner Bros. Discovery,"Warner Bros. Discovery, Inc. (United States), successor to Discovery Communications",wikimedia,https://upload.wikimedia.org/wikipedia/commons/6/64/Warner_Bros._Discovery.svg,"The note says to use Warner Bros. Discovery, so this is its SVG lockup."
Dogs Trust,Dogs Trust,done,dogs-trust.png,Dogs Trust,"Dogs Trust, United Kingdom (dog welfare charity)",wikimedia,https://upload.wikimedia.org/wikipedia/en/e/e1/Dogs_Trust_logo.svg,
Hamad International Airport,Doha International Airport; Hamad International Airport,done,hamad-international-airport.png,Hamad International Airport,"Hamad International Airport, Doha, Qatar (successor to Doha International Airport)",official-site,https://www.dohahamadairport.com/sites/default/files/logos/logo-light_0.svg,"Built from the bilingual SVG lockup made for light backgrounds. Wikimedia kept returning 429 for the Wikipedia PNG, and the site SVG is the better source anyway."
Dolphin Energy,Dolphin Energy,failed,,Dolphin Energy,"Dolphin Energy Limited, Abu Dhabi, UAE",,,"Wikipedia has no logo, and the site's logo PNGs are too small: the largest colour one is 339x216 and the black one is 112x61. No SVG or press kit was found."
Dubai Air Navigation Services (DANS),Dubai Air Navigation Services (DANS),failed,,Dubai Air Navigation Services,"Dubai Air Navigation Services (dans), Government of Dubai, UAE",,,"There is no Wikipedia page, and dans.gov.ae resets every connection, both by curl and by fetch, so there was no route to the official logo."
Dubai Airports,Dubai Airports,done,dubai-airports.png,Dubai Airports,"Dubai Airports Company, operator of DXB and DWC, Dubai, UAE",official-site,https://dubaiairports.ae/images/corporatelibraries/logos/logo-da.svg,"This is the corporate bilingual Dubai Airports SVG from the company's corporate site, not the DXB passenger brand. Wikipedia has no infobox logo."
Dubai Aviation Engineering Projects,Dubai Aviation Engineering Projects,done,daep.png,Dubai Aviation Engineering Projects,"Dubai Aviation Engineering Projects (DAEP), Government of Dubai, UAE",official-site,https://daep.gov.ae/Images/logo-daep.png,"Built from the official header PNG, which is exactly the 400px minimum, so the tile is small (448px). No SVG was found."
Dubai Cares,Dubai Cares,done,dubai-cares.png,Dubai Cares,"Dubai Cares, philanthropic organisation (UAE), part of Mohammed bin Rashid Al Maktoum Global Initiatives",official-site,https://www.dubaicares.ae/themes/dubaicares/images/logo.svg,"Built from the bilingual SVG. Wikipedia has only a PNG, which Wikimedia would not serve because of rate limits."
Dubai Community Development Authority,Dubai Community Development Authority,failed,,Community Development Authority,"Community Development Authority (CDA), Government of Dubai, UAE",,,"There is no Wikipedia page. The site's own CDA logo is only a 292x58 PNG, and its SVG header logo is the white-only Government of Dubai mark."
Dubai Customs,Dubai Customs,done,dubai-customs.png,Dubai Customs,"Dubai Customs, Government of Dubai, UAE",official-site,https://www.dubaicustoms.gov.ae/SiteAssets/img/dubai-cutoms.svg,"Built from the true vector bilingual colour logo. The site's other two logo SVGs just wrap small rasters, so they were not used. There is no Wikipedia page."
Dubai Data and Statistics Establishment,Dubai Data and Statistics Establishment,done,dubai-data-and-statistics.png,Dubai Data and Statistics Establishment,"Dubai Data and Statistics Establishment (formerly Dubai Statistics Center), Digital Dubai, UAE",official-site,https://www.dsc.gov.ae/Style%20Library/Images/Logo.jpg,"The establishment's own header logo is the bilingual 'Data.Dubai' mark, a 1735px PNG saved with a .jpg extension. The caption keeps the organisation's name because the mark itself reads Data.Dubai."
Dubai Department of Economy and Tourism,Dubai Department of Economic Development (DED); Dubai Department of Tourism and Commerce Marketing,failed,,Dubai Department of Economy and Tourism,"Department of Economy and Tourism (DET), Government of Dubai, UAE, successor to DED and DTCM",,,There is no Wikipedia page for Dubai's DET. Akamai returns 403 for dubaidet.gov.ae and its logo SVG (dubai-det-flag-logo.svg) to every user agent tried.
Dubai Executive Council,Dubai Executive Council,failed,,The Executive Council of Dubai,"The Executive Council of Dubai (General Secretariat), Government of Dubai, UAE",,,"No Wikipedia page or logo was found. tec.gov.ae refuses curl connections, and a fetch of the page showed no logo image URLs."
Dubai Financial Services Authority (DFSA),Dubai Financial Services Authority (DFSA),failed,,DFSA,"Dubai Financial Services Authority (DFSA), DIFC, UAE",,,"The Wikipedia page has no infobox logo. The site's only logo files, logo.png and logo-2.png, are 160x100, and no SVG or press kit was found."
Dubai Holding,Dubai Holding,failed,,Dubai Holding,"Dubai Holding LLC, Dubai, UAE",,,"The colour logo exists only as a small raster: the Wikipedia PNG trims to 335x229, and the media-kit PDF just embeds the same 520x366 raster. The site header SVG is white-only."
Dubai International Arbitration Centre (DIAC),Dubai International Arbitration Centre (DIAC),done,diac.png,Dubai International Arbitration Centre,"Dubai International Arbitration Centre (DIAC), Dubai, UAE",official-site,https://www.diac.com/wp-content/themes/diac/assets/images/logo.svg,Built from the bilingual SVG lockup in the site header. The Wikipedia lookup was blocked by rate limits (429).
Dubai Legal Affairs Department,Dubai Legal Affairs Department,done,dubai-legal-affairs-department.png,Government of Dubai Legal Affairs Department,"Government of Dubai Legal Affairs Department, UAE",official-site,https://legal.dubai.gov.ae/assets/govlogo/ladlogo.svg,Built from the bilingual gold calligraphic SVG logo in the site header.
Dubai Petroleum Establishment,Dubai Petroleum Establishment,failed,,Dubai Petroleum Establishment,"Dubai Petroleum Establishment (DPE), Dubai, UAE",,https://www.dubaipetroleum.ae/app/themes/sage-8.5.1/dist/images/logo.png,"There is no logo on Wikimedia or Wikipedia, and the website's only logo files are small rasters (308x75 and 274x75), under the 400px minimum."
Dubai SME,Dubai SME,failed,,Dubai SME,"Dubai SME (Mohammed bin Rashid Establishment for SME Development), Dubai, UAE",,,"There is no logo on Wikimedia or Wikipedia, and sme.ae returns 403 even with a browser user agent."
Dutch Embassy Romania,Dutch Embassy Romania,done,netherlands-coat-of-arms.png,Kingdom of the Netherlands,"Embassy of the Kingdom of the Netherlands in Bucharest, Romania (tile is the sending country's coat of arms)",wikimedia,https://upload.wikimedia.org/wikipedia/commons/thumb/9/97/Rijkswapen_der_Nederlanden.svg/1280px-Rijkswapen_der_Nederlanden.svg.png,"The SVG original was rate-limited (429), so this uses Wikimedia's 1280px PNG render of the same file."
EHL,EHL,done,ehl.png,EHL Hospitality Business School,"EHL Hospitality Business School (Ecole hoteliere de Lausanne), Lausanne, Switzerland",official-site,https://www.ehl.edu/ (inline header SVG logo),Taken from the site header's inline SVG in navy (#001436). Wikipedia's EHL_Logo.png could not be fetched because of rate limiting.
ELEXON,ELEXON,done,elexon.png,Elexon,"Elexon Ltd, London, United Kingdom",official-site,https://assets.elexon.com/wp-content/uploads/2025/03/13132403/Elexon-logo-RGB-Master-copy.jpg,"Wikimedia has no Elexon logo, so this is the master RGB wordmark from Elexon's own media library."
EMPOWER,EMPOWER,failed,,Empower,"Emirates Central Cooling Systems Corporation (Empower), Dubai, UAE",,,"There is no logo on Wikimedia or Wikipedia (the English 'Empower' article is about a different company), and empower.ae sits behind a Sucuri JavaScript challenge that blocks automated requests even with a browser user agent."
EPFL,EPFL P-Mediacom,done,epfl.png,EPFL,"Ecole Polytechnique Federale de Lausanne (EPFL), Lausanne, Switzerland",official-site,https://www.epfl.ch/wp-content/themes/wp-theme-2018/assets/svg/epfl-logo.svg,Wikimedia was rate-limited; the official site's header SVG is the current red EPFL logo.
EQUATE Petrochemical Company,EQUATE Petrochemical Company,done,equate.png,EQUATE,"EQUATE Petrochemical Company, Kuwait",official-site,https://www.equate.com/wp-content/uploads/2019/02/EQUATE-logo-Arabic-and-English-in-JPEG-format.jpg,This is the official bilingual Arabic/English version with the tagline 'Partners in Success'. Wikipedia has no logo.
ERCA,ERCA,failed,,ERCA,,,,"Identity unclear: no Saudi body is called ERCA. The most likely candidate is ECRA (Electricity and Cogeneration Regulatory Authority, now SERA/WERA), but it could also be a garbled acronym for another Saudi authority."
ERTICO-ITS Europe,ERTICO-ITS Europe,done,ertico.png,ERTICO - ITS Europe,"ERTICO - ITS Europe, Brussels, Belgium",official-site,https://ertico.com/sites/default/files/ertico35years.svg,"The site header shows the 35th-anniversary lockup, so the SVG viewBox was cropped to its left half, which is the standard ERTICO/ITS Europe colour logo. The only standalone logo on the site is white-only, and Wikimedia has none."
EUROCITIES,EUROCITIES,done,eurocities.png,Eurocities,"Eurocities, Brussels, Belgium",official-site,https://eurocities.eu/wp-content/themes/eurocities/images/logo.svg,"Wikimedia was rate-limited at the time; Commons also has Logo_of_Eurocities.svg, which is the same mark."
Easa Saleh Al Gurg Group,Easa Saleh Al Gurg Group,done,al-gurg-group.png,Al Gurg Group,"Easa Saleh Al Gurg Group (Al Gurg Group), Dubai, UAE",official-site,https://www.algurg.com/wp-content/uploads/2026/01/algurg_logo_main-scaled.png,Stacked gold lockup of the calligraphic tughra and wordmark. The header SVGs are white-only. Wikipedia has no logo.
Ecobank,Ecobank,done,ecobank.png,Ecobank,"Ecobank Transnational Incorporated (Ecobank Group), Lome, Togo",official-site,https://ecobank.com/img/eco/eco_logo_blue.jpg,"This is the site's og:image, a clean blue logo with the tagline 'The Pan African Bank'. It is a raster only 417px wide; the header SVG is white-only. Commons has Ecobank_Logo_EN.png, but it was rate-limited."
Electricity Company of Ghana,Electricity Company of Ghana,failed,,Electricity Company of Ghana,"Electricity Company of Ghana Limited (ECG), Accra, Ghana",,https://www.ecg.com.gh/images/site/ecg_logo.png,"There is no logo on Wikimedia (the Wikipedia article redirects to PDS Ghana and has no image). The official logo's name is white-only and its colour emblem is only 205px, under the 400px minimum."
Electronics for Imaging,Electronics for Imaging,done,efi.png,EFI,"Electronics For Imaging, Inc. (EFI), Fremont, California, United States",official-site,https://www.efi.com/wp-content/uploads/sites/2/2023/07/efi-logo.svg,Wikimedia was rate-limited; the official header SVG is the current blue EFI logo.
Anwar Gargash Diplomatic Academy,Emirates Diplomatic Academy,done,anwar-gargash-diplomatic-academy.png,Anwar Gargash Diplomatic Academy,"Anwar Gargash Diplomatic Academy (formerly Emirates Diplomatic Academy), Abu Dhabi, UAE",wikimedia,https://upload.wikimedia.org/wikipedia/en/2/2e/Anwar_Gargash_Diplomatic_Academy_logo.png,"Bilingual Arabic/English logo from the Wikipedia infobox. It is a raster, 437px wide."
Emirates Foundation,Emirates Foundation,done,emirates-foundation.png,Emirates Foundation,"Emirates Foundation, Abu Dhabi, UAE",official-site,https://www.emiratesfoundation.ae/images/site_logo.svg,Dark version of the bilingual Arabic/English wordmark; the header and footer versions are white. Wikipedia has no logo.
Emirates Transport,Emirates Transport,done,emirates-transport.png,Emirates Transport,"Emirates Transport (Mowasalat Al Emarat), UAE",official-site,https://et.ae/wp-content/uploads/2024/12/logo-1.svg,The Wikipedia page has no logo. This is the bilingual wordmark SVG from the et.ae site header (uploaded Dec 2024) and has no separate symbol.
Endava (UK),Endava (UK),done,endava.png,Endava,"Endava plc, London, United Kingdom",official-site,https://www.endava.com/ (inline header SVG logo),"The inline SVG's text fill was #fff, with the header's text colour #192b37 set on the element. The tile uses #192b37 for the text so it matches the site header, and fixes the viewBox. Wikipedia's logo file is an old Endava d.o.o. mark."
Eneco UK,Eneco UK,done,eneco.png,Eneco,"Eneco (Eneco Group, parent of Eneco UK), Rotterdam, Netherlands",official-site,https://www.eneco.nl/-/media/097f9cfe523448329b0644aab1ea661b.svg,"This is the Eneco group header logo, which Eneco UK also uses. Commons Eneco_logo.svg was rate-limited."
Enel,Enel,done,enel.png,Enel,"Enel S.p.A., Rome, Italy",official-site,https://www.enel.com/content/dam/enel-com/immagini/enel-logo/logo-solido.svg,"This is the current header logo on enel.com. Wikipedia also lists an 'Enel logo 2026.png', which could not be checked because of rate limiting."
Enterprise Estonia,Enterprise Estonia,done,enterprise-estonia.png,Enterprise Estonia,"Enterprise Estonia (Ettevõtluse ja Innovatsiooni Sihtasutus, EIS), Estonia",official-site,https://eis.ee/wp-content/uploads/2025/06/eis-logo-ettevotlus.svg,"eas.ee now redirects to eis.ee. KredEx merged into EAS in 2023 and the body was renamed EIS, but it is the same foundation. The current header logo reads 'eis enterprise estonia'. The logo is dark grey, which is how the brand uses it."
Ethara,Ethara,failed,,Ethara,"Ethara, Abu Dhabi, UAE (events and venues company)",,https://www.ethara.com/,"There is no Wikipedia page or Commons logo, and the official site only has a white wordmark SVG plus a 360px 'E' icon, with no dark or colour lockup."
Etihad Airways,Etihad Airways,done,etihad-airways.png,Etihad Airways,"Etihad Airways, UAE",wikimedia,https://upload.wikimedia.org/wikipedia/commons/0/0e/Etihad-airways-logo.svg,This is the bilingual Arabic/English gold ETIHAD mark.
Eu-LISA,Eu-LISA,done,eu-lisa.png,eu-LISA,"European Union Agency for the Operational Management of Large-Scale IT Systems in the Area of Freedom, Security and Justice (eu-LISA), Tallinn, Estonia",wikimedia,https://upload.wikimedia.org/wikipedia/commons/thumb/4/48/EU-LISA_logo.svg/1280px-EU-LISA_logo.svg.png,"This is Wikimedia's PNG render, used because the SVG original was rate-limited."
Eurail Group G.I.E.,Eurail Group G.I.E.,done,interrail.png,Interrail,"Eurail B.V. (Eurail Group G.I.E.), Netherlands, which now trades globally as Interrail",official-site,https://www.interrail.com/content/dam/brand-assets/INTER-LOGO-blue-RGB1.svg,"Eurail rebranded globally as Interrail in September 2026, and eurail.com now redirects to interrail.com, so this is the current Interrail logo. The Interrail Wikipedia page has no logo."
Havas,Euro RSCG Dubai,done,havas.png,Havas,"Havas SA, France (successor brand to Euro RSCG Dubai)",wikimedia,https://upload.wikimedia.org/wikipedia/commons/thumb/a/af/Havas.png/1280px-Havas.png,"Per the note, this is the current Havas mark. It is the red wordmark, which matches the red logo on havas.com."
Eurofighter,Eurofighter,failed,,Eurofighter,"Eurofighter Jagdflugzeug GmbH, Hallbergmoos, Germany",,https://www.eurofighter.com/,"Wikipedia only has the consortium roundel, not the company logo, and eurofighter.com blocks automated requests behind a Cloudflare challenge, even with a browser user agent."
European Aluminium Association,European Aluminium Association,done,european-aluminium.png,European Aluminium,"European Aluminium (formerly European Aluminium Association), Brussels, Belgium",official-site,https://european-aluminium.eu/wp-content/uploads/2022/09/2022_rgb_EUALU_logo.svg,There is no Wikipedia page for it.
European Banking Authority (EBA),European Banking Authority (EBA),done,european-banking-authority.png,European Banking Authority,"European Banking Authority (EBA), EU agency, Paris",wikimedia,https://upload.wikimedia.org/wikipedia/commons/thumb/4/43/EBA_Main.png/1280px-EBA_Main.png,
European Centre for Development Policy Management,European Centre for Development Policy Management,failed,,ECDPM,"European Centre for Development Policy Management (ECDPM), Maastricht, Netherlands",,https://ecdpm.org/,"The Wikimedia logo is only 240x240px, which is too small, and ecdpm.org blocks automated requests behind a Cloudflare challenge, even with a browser user agent."
European Centre for the Development of Vocational Training (Cedefop),European Centre for the Development of Vocational Training (Cedefop),done,cedefop.png,Cedefop,"European Centre for the Development of Vocational Training (Cedefop), Thessaloniki, Greece",wikimedia,https://upload.wikimedia.org/wikipedia/en/thumb/5/5c/CEDEFOP_logo.svg/1280px-CEDEFOP_logo.svg.png,This is the horizontal EU flag plus CEDEFOP lockup. The official site also has a vertical version (logo-v-large-EN.svg) if a stacked one is preferred.
European Chemicals Agency (ECHA),European Chemicals Agency (ECHA),done,echa.png,European Chemicals Agency,"European Chemicals Agency (ECHA), Helsinki, Finland",wikimedia,https://upload.wikimedia.org/wikipedia/en/thumb/7/70/European_Chemicals_Agency_logo.svg/1280px-European_Chemicals_Agency_logo.svg.png,
European Committee of the Regions (CoR),European Committee of the Regions (CoR),done,european-committee-of-the-regions.png,European Committee of the Regions,"European Committee of the Regions (CoR), Brussels, Belgium",official-site,https://cor.europa.eu/en,"The Wikimedia file is the bare symbol with no name, so I took the stacked lockup from the inline SVG in the site header instead."
European Council on Refugees and Exiles (ECRE),European Council on Refugees and Exiles (ECRE),done,ecre.png,ECRE,"European Council on Refugees and Exiles (ECRE), Brussels, Belgium",official-site,https://ecre.org/wp-content/uploads/2019/12/ecre_logo_mediumres.png,"The Wikimedia logo is only 300px wide, which is too small, so this is a 1024px PNG from the official site."
European Investment Bank,European Investment Bank,done,european-investment-bank.png,European Investment Bank,"European Investment Bank (EIB), Luxembourg",wikimedia,https://upload.wikimedia.org/wikipedia/commons/b/b9/European_Investment_Bank_logo.svg,
European Lamp Companies Federation (ELC),European Lamp Companies Federation (ELC),done,lightingeurope.png,LightingEurope,"LightingEurope (formerly European Lamp Companies Federation, ELC), Brussels, Belgium",official-site,https://www.lightingeurope.org/images/logos/logo-lighting.svg,"Per the note, this is the successor's logo. There is no Wikipedia page."
European Petrochemical Association (EPCA),European Petrochemical Association (EPCA),failed,,EPCA,"European Petrochemical Association (EPCA), Brussels, Belgium",,https://epca.eu/,"There is no Wikipedia page, and the site's SVG logo is white only, with the blue colour version available only as a 200x60px PNG, which is too small."
European Regions Research and Innovation Network (ERRIN),European Regions Research and Innovation Network (ERRIN),failed,,ERRIN,"European Regions Research and Innovation Network (ERRIN), Brussels, Belgium",,https://errin.eu/,"There is no Wikipedia page or Commons logo (the Commons search was also rate-limited), and errin.eu blocks automated requests behind a Cloudflare challenge, even with a browser user agent."
European Union Agency for Cybersecurity (ENISA),European Union Agency for Cybersecurity (ENISA),done,enisa.png,ENISA,"European Union Agency for Cybersecurity (ENISA), Athens, Greece",official-site,https://www.enisa.europa.eu/sites/default/files/enisa-logo.svg,"The Wikimedia PNG (550px) shows the same mark, but I used the official SVG because it is sharper."
European Union Drugs Agency (EUDA),European Union Drugs Agency (EUDA),done,euda.png,European Union Drugs Agency,"European Union Drugs Agency (EUDA, formerly EMCDDA), Lisbon, Portugal",wikimedia,https://upload.wikimedia.org/wikipedia/commons/thumb/e/e6/EUDA.svg/1280px-EUDA.svg.png,"This is Wikimedia's PNG render, used because the SVG original was rate-limited."
European Union Institute for Security Studies (EUISS),European Union Institute for Security Studies (EUISS),done,euiss.png,EUISS,"European Union Institute for Security Studies (EU agency, Paris, France)",wikimedia,https://upload.wikimedia.org/wikipedia/commons/thumb/f/fd/EUISS-logo.svg/1280px-EUISS-logo.svg.png,"The SVG original was blocked by Wikimedia rate limiting, so I used Wikimedia's 1280px PNG render of the same file."
ExxonMobil,ExxonMobil,done,exxonmobil.png,ExxonMobil,Exxon Mobil Corporation (USA),wikimedia,https://upload.wikimedia.org/wikipedia/commons/thumb/1/18/Exxon_Mobil_Logo.svg/1280px-Exxon_Mobil_Logo.svg.png,"Wikimedia's 1280px PNG render of the SVG, because the original was rate-limited."
F&E Aerospace,F&E Aerospace,failed,,F&E Aerospace,"Probably Tarsus F&E LLC (F&E Aerospace), the Dubai company that organised the Dubai Airshow and Aircraft Interiors Middle East, now trading as Tarsus Aerospace (UAE)",,,"No usable source: feaerospace.com now redirects to GE Aerospace, the Tarsus site did not return a logo, and Wikimedia has no file. The note says 'aircraft interiors firm' but the events sector points to the event organiser, and no current F&E logo could be confirmed."
FMDQ OTC Securities Exchange,FMDQ OTC Securities Exchange,done,fmdq.png,FMDQ,"FMDQ Securities Exchange (formerly FMDQ OTC Securities Exchange), part of FMDQ Group, Nigeria",official-site,https://fmdqgroup.com/wp-content/uploads/2021/11/FMDQ-LOGO-November-2020.svg,"The site's SVG only wraps a 1531x364 PNG, which rendered blurry and clipped. I extracted that PNG and used it as a raster source. It is the FMDQ group mark, which the exchange also uses."
Falcon and Associates,Falcon and Associates,failed,,Falcon and Associates,"Falcon and Associates, Dubai government investment firm (falconandassociates.ae), UAE",,,"The official site fails TLS certificate verification through the proxy and WebFetch, so it could not be reached, and Wikimedia has no logo file."
Famfa Oil,Famfa Oil,failed,,Famfa Oil,"Famfa Oil Limited, Lagos, Nigeria (famfa.com)",,https://www.famfa.com/wp-content/uploads/2023/11/Famfa-Oil-Logo.png,"The official lockup is only 382x100 px (below 400), and the full-name version is white text. The only large file is the 512px bare drop symbol, and Wikimedia has nothing."
"Farouk, Maamoun Mohammed Said Tamer Industries Holding","Farouk, Maamoun Mohammed Said Tamer Industries Holding",failed,,Tamer Group,"Tamer Group (Farouk, Maamoun Tamer and Co.), Jeddah, Saudi Arabia (tamergroup.com)",,https://tamergroup.com/,"The site's header and footer SVG lockups have the wordmark in white, and only the green symbol is in colour, so there is no colour lockup (I deleted the symbol-only tile). Wikimedia has no file."
Federal University of Technology Akure,Federal University of Technology Akure,failed,,Federal University of Technology Akure,"Federal University of Technology Akure (FUTA), Ondo State, Nigeria (futa.edu.ng)",,,"The official site returns 403 to both user agents and to WebFetch. The Wikipedia page image is a campus photo, and I found no logo on Commons."
Feedzai,Feedzai,done,feedzai.png,Feedzai,"Feedzai (fraud-prevention software company, Portugal)",official-site,https://www.feedzai.com/,"Inline SVG from the site header, used because it is the current mark. Wikimedia only has the 2020 version."
Ferrexpo,Ferrexpo Yeristovo Mining,done,ferrexpo.png,Ferrexpo,"Ferrexpo plc (Ferrexpo Yeristovo Mining is a subsidiary), Ukraine / Switzerland",wikimedia,https://upload.wikimedia.org/wikipedia/commons/d/d2/Ferrexpo.svg,"Commons SVG original was rate-limited (429), so the tile was built from Wikimedia's 1280px PNG render of the same file (upload.wikimedia.org/wikipedia/commons/thumb/d/d2/Ferrexpo.svg/1280px-Ferrexpo.svg.png); no SVG saved."
Fidelity Bank of Ghana,Fidelity Bank of Ghana,done,fidelity-bank-ghana.png,Fidelity Bank Ghana,"Fidelity Bank Ghana Limited, Ghana",official-site,https://fidelitybank.com.gh/wp-content/uploads/2025/06/darklogo.svg,"The site's dark header logo, which includes the tagline 'Believe with us.'"
First Bank of Nigeria,First Bank of Nigeria,failed,,FirstBank,"First Bank of Nigeria Limited (FirstBank), Nigeria (firstbankgroup.com/ng)",,,"The official site fails TLS certificate verification through the proxy and WebFetch. The Wikipedia page image is an HQ photo, and I found no logo on Commons."
First Abu Dhabi Bank,First Gulf Bank; National Bank of Abu Dhabi,done,first-abu-dhabi-bank.png,First Abu Dhabi Bank,"First Abu Dhabi Bank (successor of First Gulf Bank and National Bank of Abu Dhabi), UAE",wikimedia,https://upload.wikimedia.org/wikipedia/commons/2/22/First_Abu_Dhabi_Bank_Logo.svg,Bilingual Arabic/English lockup.
Flexport Group,Flexport Group,done,flexport.png,Flexport,"Flexport Group B.V., Amsterdam, the Dutch subsidiary of Flexport Inc. (logistics)",official-site,https://cdn.sanity.io/images/ynj1yl20/development/9f37e70ef11a76f16b732f365d3f3d3cbf3fed43-481x112.svg,The logo SVG named in flexport.com's schema.org data. Wikimedia was unreachable because of rate limiting.
Fortum,Fortum,done,fortum.png,Fortum,"Fortum Oyj, Finland",official-site,https://www.fortum.com/,"Inline SVG logo from the site header, because Wikimedia was unreachable due to rate limiting."
Ajman Free Zone,Free Zones Authority of Ajman,done,ajman-free-zone.png,Ajman Free Zone,"Ajman Free Zone (Free Zones Authority of Ajman), UAE",official-site,https://afz.gov.ae/media/AFZ/Files/downloads/afz_logo_pdf.pdf,From the official press kit logo PDF: I converted page 2 (dark on white) to SVG. It is the bilingual lockup and the brand's own colour is black.
Fusion For Energy,Fusion For Energy,done,fusion-for-energy.png,Fusion for Energy,"Fusion for Energy (F4E), EU joint undertaking, Barcelona, Spain",wikimedia,https://upload.wikimedia.org/wikipedia/commons/thumb/3/3a/Logo_of_Fusion_for_Energy.jpg/1280px-Logo_of_Fusion_for_Energy.jpg,"Wikimedia 1280px render of the JPG. The site header SVG was symbol-only with no colour, so I did not use it."
GARMCO,GARMCO,failed,,GARMCO,"Gulf Aluminium Rolling Mill B.S.C. (GARMCO), Bahrain",,https://www.garmco.com/MediaManager/Media/Assets/GarmcoHeaderLogo1Footer.png,"The largest logo on the official site is 224x300 px (the others are under 100 px and one is white), and Wikimedia has no logo."
GASAL,GASAL,done,gasal.png,Gasal,"Gasal Q.S.C., Qatar industrial gases company",official-site,https://www.gasal.com.qa/sites/gasal/files/2026-06/gasal-logo-horizontal-bilingual-wide-colour1.svg,The 2026 bilingual colour lockup.
GFH Financial Group,GFH Financial Group; Gulf Finance House,done,gfh-financial-group.png,GFH,"GFH Financial Group B.S.C. (formerly Gulf Finance House), Bahrain",wikimedia,https://upload.wikimedia.org/wikipedia/en/thumb/f/f3/GFH_Financial_Group_logo.svg/1920px-GFH_Financial_Group_logo.svg.png,"Wikipedia's 1920px PNG render of the SVG, downloaded locally because the original was rate-limited."
GRID-Arendal,GRID-Arendal,done,grid-arendal.png,GRID-Arendal,"GRID-Arendal (UNEP partner foundation), Arendal, Norway",official-site,https://www.grida.no/,"The site's inline SVG symbol icon-GALogo2020, which includes the line 'A UNEP Partner'."
GRS,GRS,failed,,GRS,,,,"Identity unclear: 'GRS' in the UK could be several firms (for example GRS Group, GRS Roadstone, Global Resources Services or Geo Risk Services), and nothing in the record says which one."
Gatsby Charitable Foundation,Gatsby Charitable Foundation,done,gatsby-charitable-foundation.png,Gatsby,"Gatsby Charitable Foundation, United Kingdom",official-site,https://www.gatsby.org.uk/,"Stacked lockup (running figure over GATSBY) taken from the inline SVG in the site header, because Wikimedia was rate-limited. The brand itself captions as 'Gatsby'."
Gazprom Neft,Gazprom Neft Middle East,done,gazprom-neft.png,Gazprom Neft,"Gazprom Neft PJSC, Russia (parent of Gazprom Neft Middle East)",wikimedia,https://upload.wikimedia.org/wikipedia/commons/thumb/7/7e/Gazprom_Neft_-_logo.png/1280px-Gazprom_Neft_-_logo.png,"This is the Russian-language (Cyrillic) lockup. The English lockup on Wikipedia is only 122px wide, and gazprom-neft.com could not be reached, so check that Cyrillic is acceptable for this Middle East client."
General Organization for Social Insurance (GOSI),General Organization for Social Insurance (GOSI),done,gosi.png,GOSI,"General Organization for Social Insurance (GOSI), Saudi Arabia",official-site,https://www.gosi.gov.sa/gptscripts/GOSILogo.eb4de07c6f398bc1.svg,"Current bilingual lockup (gosi, Arabic and 'Social Insurance') in SVG, taken from the site stylesheet."
Generations for Peace,Generations for Peace,done,generations-for-peace.png,Generations For Peace,"Generations For Peace, Jordan",official-site,https://www.generationsforpeace.org/wp-content/uploads/2025/03/g5.png,"Bilingual stacked header logo, 464x474 raster."
Ghana Chamber of Mines,Ghana Chamber of Mines,failed,,Ghana Chamber of Mines,"Ghana Chamber of Mines, Ghana",,,"The Wikipedia logo (Ghana_Chamber_of_Mines_logo.gif) is only 202x110px, and the official site ghanachamberofmines.org serves a captcha to automated requests, including with a browser user agent."
Ghana Energy Commission,Ghana Energy Commission,failed,,Energy Commission,"Energy Commission, Ghana",,,"No logo on Wikipedia or Commons. The header logo on energycom.gov.gh is only 303x75px, and no SVG or larger file was found there."
Ghana National Petroleum Corporation,Ghana National Petroleum Corporation,done,gnpc.png,GNPC,"Ghana National Petroleum Corporation (GNPC), Ghana",official-site,https://www.gnpcghana.com/static/assets/images/logos/site_logo_black.png,"Full horizontal lockup, 1875x625 raster. Wikimedia was rate-limited, so it was not checked first."
Ghana Public Utilities Regulatory Commission,Ghana Public Utilities Regulatory Commission,failed,,PURC,"Public Utilities Regulatory Commission (PURC), Ghana",,,"No logo on Wikipedia or Commons. The best file on purc.com.gh is 389x351px after trimming, below the 400px minimum, and the header logo is only 122px."
Ghana Volta River Authority,Ghana Volta River Authority,done,volta-river-authority.png,Volta River Authority,"Volta River Authority (VRA), Ghana",wikimedia,https://upload.wikimedia.org/wikipedia/commons/thumb/c/c1/VRA_Logo.png/1280px-VRA_Logo.png,"Triangle emblem from Commons. The source is soft and looks upscaled, though it is legible. The logo on vra.com is only 210px wide, so it could not be used instead."
Global Biodiversity Information Facility (GBIF),Global Biodiversity Information Facility (GBIF),done,gbif.png,GBIF,"Global Biodiversity Information Facility (GBIF), Denmark",wikimedia,https://upload.wikimedia.org/wikipedia/commons/thumb/3/3a/Gbif-full-green-logo.svg/1280px-Gbif-full-green-logo.svg.png,Full green lockup. Used Wikimedia's PNG render because the SVG original was rate-limited.
Global Geophysical Services,Global Geophysical Services,failed,,Global Geophysical Services,Global Geophysical Services (seismic acquisition company),,,"The Wikipedia page has no logo image. The largest logo on globalgeophysical.com is a 360x360 JPG, below the 400px minimum."
Goodyear,Goodyear,done,goodyear.png,Goodyear,"The Goodyear Tire and Rubber Company, United States",official-site,https://www.goodyear.com/_next/static/media/primary-dark-brand-logo.2bpgmlh3ffhwu.svg,"Official primary wordmark in SVG, in Goodyear yellow on white. The Wikipedia page image is a photo of the headquarters, not the logo."
Government of Thailand,Government of Thailand,done,government-of-thailand.png,Government of Thailand,"Royal Thai Government, Thailand (national emblem, the Garuda)",wikimedia,https://upload.wikimedia.org/wikipedia/commons/8/8f/Emblem_of_Thailand.svg,"National emblem, used because the government has no mark of its own."
Green Party of Ireland,Green Party of Ireland,done,green-party-ireland.png,Green Party,"Green Party / Comhaontas Glas, Ireland",wikimedia,https://upload.wikimedia.org/wikipedia/commons/thumb/f/f5/Green_Party_%28Ireland%29_logo.svg/1280px-Green_Party_%28Ireland%29_logo.svg.png,Stacked green lockup. The website header logo is white only.
Group Five,Group Five,failed,,Group Five,"Group Five Ltd, South Africa (construction group, in business rescue and liquidated around 2020)",,,"The Wikipedia page has no logo, Commons has none, and the company website groupfive.co.za no longer responds."
Guerbet,Guerbet,done,guerbet.png,Guerbet,"Guerbet SA, France",official-site,https://www.guerbet.com/themes/custom/guerbet_theme/logo.svg,"Standard lockup (wordmark plus squares) in SVG from the site theme. The site header currently shows a '100 years' anniversary variant, which was not used."
Gulf Medical Company,Gulf Medical Company,failed,,Gulf Medical,"Gulf Medical Co. Ltd, Jeddah, Saudi Arabia (gulfmedical.com)",,,"Not on Wikipedia or Commons. The bilingual header logo from the site's CMS is 388x105px, below the 400px minimum, and no larger file or SVG was found."
Gulf Petrochemicals and Chemicals Association (GPCA),Gulf Petrochemicals and Chemicals Association (GPCA),done,gpca.png,GPCA,"Gulf Petrochemicals and Chemicals Association (GPCA), UAE",wikimedia,https://upload.wikimedia.org/wikipedia/commons/thumb/1/1d/GPCA_logo2.jpg/960px-GPCA_logo2.jpg,"Bilingual lockup from Commons. The JPG is soft but legible. gpca.org.ae serves a captcha, so I could not confirm the logo is still current. The batch lists 'Roche' as parent, which looks wrong and was ignored."
GulfDrug,GulfDrug,failed,,GulfDrug,"GulfDrug LLC, UAE pharmaceutical distributor (gulfdrug.com)",,,"Not on Wikipedia or Commons. The site header logo is 169x94px and the footer version 275x152px, both below the 400px minimum. The og:image is a '50 years' anniversary graphic, not the logo."
HES-SO Valais-Wallis,HES-SO Valais-Wallis,done,hes-so-valais-wallis.png,HES-SO Valais-Wallis,"HES-SO Valais-Wallis (University of Applied Sciences and Arts Western Switzerland, Valais), Switzerland",official-site,https://www.hevs.ch/_nuxt/img/logo_hesso.9af1d79.svg,No Wikipedia/Commons logo for the Valais school itself; header SVG from hevs.ch.
HKA,HKA,done,hka.png,HKA,"HKA Global (dispute resolution and risk consultancy, offices in Dubai/UAE)",official-site,https://www.hka.com/wp-content/themes/hka2/assets/img/logo.svg,No Wikipedia logo; used the site header SVG.
Hanover Communications Middle East,Hanover Communications Middle East,done,hanover-communications.png,Hanover Communications,"Hanover Communications (Hanover Middle East, Dubai office of the UK PR group Hanover Communications), UAE/UK",official-site,https://hanovercomms.com/,Inline header SVG saved from hanovercomms.com; the Middle East office uses the group's Hanover wordmark. No Wikipedia page.
Harman,Harman International Romania,done,harman.png,Harman,"Harman International Industries (a Samsung company), USA; Romanian subsidiary",wikimedia,https://upload.wikimedia.org/wikipedia/commons/c/c2/Harman_International_logo.svg,
Headquarters Nigerian Air Force,Headquarters Nigerian Air Force,done,nigerian-air-force.png,Nigerian Air Force,"Nigerian Air Force (Headquarters), Nigeria",wikimedia,https://upload.wikimedia.org/wikipedia/commons/thumb/d/df/Nigerian_Air_Force_emblem.svg/1280px-Nigerian_Air_Force_emblem.svg.png,"SVG original was blocked by rate limit (429), so I used Wikimedia's 1280px PNG render of the same file."
Hellenic Telecomms & Post Comm,Hellenic Telecomms & Post Comm,done,eett.png,EETT,"Hellenic Telecommunications and Post Commission (EETT), Greece",official-site,https://www.eett.gr/wp-content/uploads/2021/07/logo.svg,"Wikipedia only has an old 309px logo (Oldereettlogos.jpg), which is outdated and too small, so I used the current header SVG from eett.gr. Logo text is in Greek. The batch lists the sector as aviation/transport; EETT is the telecoms and post regulator."
Hemsley Fraser,Hemsley Fraser,done,hemsley-fraser.png,Hemsley Fraser,"Hemsley Fraser Group, United Kingdom",official-site,https://assets.foleon.com/eu-central-1/de-uploads-7e3kk3/48922/new_colours.4e41ea4355ff.png,"The site header SVG is white-only, so I cropped the colour logo from Hemsley Fraser's own brand page (media.hemsleyfraser.com/brand/our-new-logo). It is a raster at 770px wide."
Higher Colleges of Technology UAE,Higher Colleges of Technology UAE,done,higher-colleges-of-technology.png,Higher Colleges of Technology,"Higher Colleges of Technology (HCT), UAE",official-site,https://hct.ac.ae/wp-content/themes/HCTtheme/assets/images/logo-ar.svg,Bilingual Arabic/English header SVG; the logo is wide and short.
Hitachi Energy Holdings,Hitachi Energy Holdings,done,hitachi-energy.png,Hitachi Energy,"Hitachi Energy Ltd, Switzerland (Hitachi group)",official-site,https://www.hitachienergy.com/content/dam/web/logo/hitachi_logo_2025.svg,Hitachi Energy's site header and its Wikipedia infobox both use the Hitachi wordmark. There is no separate Hitachi Energy lockup.
House of Representatives Thailand,House of Representatives Thailand,done,thailand-house-of-representatives.png,House of Representatives of Thailand,House of Representatives of Thailand (National Assembly of Thailand),wikimedia,https://upload.wikimedia.org/wikipedia/commons/thumb/9/9a/Seal_of_the_Parliament_of_Thailand.svg/1280px-Seal_of_the_Parliament_of_Thailand.svg.png,"Seal of the Parliament of Thailand, as used on parliament.go.th. SVG original was blocked by rate limit, so I used Wikimedia's PNG render."
IAPB,IAPB,done,iapb.png,IAPB,"International Agency for the Prevention of Blindness, United Kingdom",official-site,https://www.iapb.org/wp-content/uploads/2026/01/IAPB_iD_June2025_2000px.jpg,"Wikipedia only has an outdated GIF. The og:image on iapb.org is the clean 2025 logo, black on white."
"IDH, The Sustainable Trade Initiative","IDH, The Sustainable Trade Initiative",done,idh.png,IDH,"IDH, the Sustainable Trade Initiative (now IDH – transforming markets), Netherlands",official-site,https://idh.org/,"No Wikipedia page. Inline header SVG from idh.org, coloured with the site's brand foreground colour #00625f."
IEC,IEC,done,iec.png,IEC,"International Electrotechnical Commission, Switzerland",wikimedia,https://upload.wikimedia.org/wikipedia/commons/3/3e/International_Electrotechnical_Commission_Logo.svg,
IMO,IMO,failed,,IMO,,,,"Identity unclear. The candidates are Industrial Materials Organization (imo.com.sa, a Saudi tools distributor), the International Maritime Organization (UN body, not Saudi) and other Saudi bodies abbreviated IMO. None clearly matches the professional services and associations sector."
INTERREG IVC,INTERREG IVC,failed,,INTERREG IVC,"INTERREG IVC (EU interregional cooperation programme 2007-2013, Lille, France), successor Interreg Europe",,,"The last INTERREG IVC logo is not on Wikimedia Commons, and interreg4c.eu now redirects to Interreg Europe, so neither channel yields the IVC mark."
ITP Media Group,ITP Media Group,done,itp-media-group.png,ITP Media Group,"ITP Media Group, Dubai, UAE",official-site,https://www.itp.com/wp-content/uploads/2026/05/ITP-MASTER-LOGO-FILE-01.svg,"No logo on Wikipedia. Master logo SVG (the logo in the site's schema data) from itp.com, fetched with a browser user agent."
Idama Facilities Management Solutions,Idama Facilities Management Solutions,failed,,Idama,"Idama Facilities Management Solutions, Dubai, UAE (facilities management arm of Ejadah Asset Management Group)",,,"Idama no longer shows its own logo. idama.ae now redirects to parent Ejadah's site, which carries only the Ejadah logo, and Wikimedia has no Idama logo. If Will wants the parent mark, Ejadah's logo is available."
Imperial College Healthcare Charity,Imperial College Healthcare Charity,done,imperial-health-charity.png,Imperial Health Charity,"Imperial Health Charity (formerly Imperial College Healthcare Charity), United Kingdom",official-site,https://www.imperialcharity.org.uk/download_file/view/1449/883,"Colour PNG logo with strapline, as in the site header, from the charity's logos download page. No Wikipedia page."
Index on Censorship,Index on Censorship,done,index-on-censorship.png,Index on Censorship,"Index on Censorship, United Kingdom",wikimedia,https://upload.wikimedia.org/wikipedia/en/a/a7/Index_raster-rgb.png,"Raster, 502px after trim. It matches the site's current logo, which was too small at 394px."
"Saudi TAQA, not Abu Dhabi TAQA",Industrialization & Energy Services Company (TAQA),done,taqa-saudi-arabia.png,TAQA,"Industrialization and Energy Services Company (TAQA), Saudi Arabia",official-site,https://www.tq.com/,"Saudi TAQA, not Abu Dhabi TAQA (the name taqa is taken by Abu Dhabi). Built from the logomark and logotype inline SVGs in the tq.com header, as the site lays them out, in the site's logo colour #00585A. No Wikipedia logo."
Information Technology Industry Development Agency,Information Technology Industry Development Agency,done,itida.png,ITIDA,"Information Technology Industry Development Agency (ITIDA), Egypt",official-site,https://www.itida.gov.eg/Style%20Library/LINKDev/Img/itidaLogo.jpg,"The header PNG is only 110px, so I used the site's og:image, which is the clean full logo (2617px JPG). No Wikipedia page."
Ingersoll Rand,Ingersoll Rand,done,ingersoll-rand.png,Ingersoll Rand,"Ingersoll Rand Inc., United States",wikimedia,https://upload.wikimedia.org/wikipedia/commons/a/a4/Ingersoll_Rand_logo.svg,"The official site (irco.com) returned 429, so I could not check its header against the Wikipedia infobox logo."
Injazat,Injazat,failed,,Injazat,"Injazat (Injazat Data Systems), Abu Dhabi, UAE, now merged into Core42 (G42)",,,"Injazat has no Wikipedia page and no Commons file, and injazat.com now redirects to core42.ai, which no longer shows Injazat's last logo."
INTAN,Institut Perkhidmatan Awam,failed,,INTAN,"Institut Tadbiran Awam Negara (INTAN, National Institute of Public Administration), Malaysia",,,"Both sources are too small: the Wikipedia logo is 161x243 and the site header logo (intanbk.intan.my) is 340x55, and neither has a larger or SVG version."
Inter-University Council for East Africa (IUCEA),Inter-University Council for East Africa (IUCEA),done,iucea.png,Inter-University Council for East Africa,"Inter-University Council for East Africa (IUCEA), Kampala, Uganda",official-site,https://iucea.org/wp-content/uploads/2019/02/logo.png,"The site header image also carries the EAC emblem on the right. I cropped the EAC emblem off before building, so the tile keeps the IUCEA seal, name and tagline. The seal is small within the wide lockup."
International Chamber of Commerce,International Chamber of Commerce,done,international-chamber-of-commerce.png,International Chamber of Commerce,"International Chamber of Commerce (ICC), Paris, France",wikimedia,https://upload.wikimedia.org/wikipedia/commons/7/71/Icc-logo.svg,This is the current ICC wordmark with its arc symbol.
International Criminal Court (ICC),International Criminal Court (ICC),done,international-criminal-court.png,International Criminal Court,"International Criminal Court (ICC / Cour Penale Internationale), The Hague, Netherlands",official-site,https://www.icc-cpi.int/themes/custom/icccpi/logo.svg,"The only full bilingual lockup on the site is white-only. I recoloured it to the ICC navy (#003366), the same colour as the Commons emblem file. Wikimedia has only the bare emblem, with no lockup."
International Development Law Organization,International Development Law Organization,failed,,IDLO,"International Development Law Organization (IDLO), Rome, Italy (client work in Afghanistan)",,,The Wikipedia logo is a 316px white-on-blue square and the site header logo (idlo.int) is 227x100. Both are too small and there is no SVG or press-kit version.
International Federation of Library Associations and Institutions,International Federation of Library Associations and Institutions,done,ifla.png,IFLA,"International Federation of Library Associations and Institutions (IFLA), The Hague, Netherlands",wikimedia,https://upload.wikimedia.org/wikipedia/commons/thumb/f/fd/IFLA_org_logo.svg/1280px-IFLA_org_logo.svg.png,"Commons kept rate-limiting the SVG original, so I used Wikimedia's 1280px PNG render of the same file."
IFPMA,International Federation or Pharmaceutical Manufacturers and Association,done,ifpma.png,IFPMA,"International Federation of Pharmaceutical Manufacturers and Associations (IFPMA), Geneva, Switzerland",official-site,https://www.ifpma.org/,I used the stacked inline SVG logo from the ifpma.org site header.
International Fund for Houbara Conservation,International Fund for Houbara Conservation,done,houbara-fund.png,International Fund for Houbara Conservation,"International Fund for Houbara Conservation (IFHC), Abu Dhabi, UAE",official-site,https://houbarafund.gov.ae/images/svg/Logo.svg,"The logo is bilingual Arabic/English, as on the site."
worldsteel,International Iron and Steel Institute (IISI),done,worldsteel.png,worldsteel,"World Steel Association (worldsteel), formerly International Iron and Steel Institute, Brussels, Belgium",official-site,https://worldsteel.org/,I used the inline SVG from the worldsteel.org site header.
International Public Relations Association (IPRA),International Public Relations Association (IPRA),done,ipra.png,IPRA,"International Public Relations Association (IPRA), United Kingdom",official-site,https://www.ipra.org/static/media/uploads/logo/ipralogonew.png,
International School of Amsterdam,International School of Amsterdam,done,international-school-of-amsterdam.png,International School of Amsterdam,"International School of Amsterdam (ISA), Amstelveen, Netherlands",official-site,https://www.isa.nl/wp-content/uploads/2015/08/ISA-logo.png,I did not try Commons first: the Wikipedia logo file was rate-limited and I went straight to the site. The site header logo is a 680px raster.
International Seed Federation (ISF),International Seed Federation (ISF),done,international-seed-federation.png,International Seed Federation,"International Seed Federation (ISF), Nyon, Switzerland",official-site,https://worldseed.org/wp-content/uploads/2021/03/logo-isf.svg,No Wikipedia logo; used the site header SVG lockup including the 'Seed is Life' tagline.
Invacare UK,Invacare UK,done,invacare.png,Invacare,"Invacare UK (Invacare Limited), United Kingdom, merged into DHCare in 2024",official-site,https://www.invacare.com/storage/2025/04/logo-invacare-1.png,"invacare.co.uk now redirects to dhcare.co.uk, so I used the last Invacare logo, taken from the Invacare brand site. The source is 500px wide. The Wikipedia GIF is only 107px."
Invest AD,Invest AD,failed,,Invest AD,"Invest AD (Abu Dhabi Investment Company), Abu Dhabi, UAE",,,"There is no Wikipedia page or Commons file, and investad.com reset or timed out on every attempt, including with a browser user agent."
Ireland Department of Justice,Ireland Department of Justice,failed,,"Department of Justice, Home Affairs and Migration","Department of Justice, Home Affairs and Migration (formerly Department of Justice), Ireland",,,"The department has its own mark, so I did not fall back to the national coat of arms. Both copies are too small: the Commons file is 254x100 and gov.ie serves only a 100px-high version, with larger versions refused (403)."
Irena,Irena,done,irena.png,IRENA,"International Renewable Energy Agency (IRENA), Abu Dhabi, UAE",wikimedia,https://upload.wikimedia.org/wikipedia/commons/thumb/f/f6/International_Renewable_Energy_Agency_Logo.png/1280px-International_Renewable_Energy_Agency_Logo.png,"Commons kept rate-limiting the original file, so I used Wikimedia's 1280px render of the same file."
Ivoclar,Ivoclar Vivadent Marketing,done,ivoclar.png,Ivoclar,"Ivoclar Vivadent AG (now Ivoclar), Schaan, Liechtenstein",official-site,https://www.ivoclar.com/SYSTEM/ivoclar-logo.svg,I did not try Commons first: the Wikipedia logo file was rate-limited and I went straight to the site.
Jeddah Airport Company (JEDCO),Jeddah Airport Company (JEDCO),failed,,Jeddah Airports Company,"Jeddah Airports Company (JEDCO), operator of King Abdulaziz International Airport, Saudi Arabia",,,"Wikimedia has only the airport's logo, not the operating company's. kaia.sa blocks automated requests (Cloudflare 403), and jedco.sa belongs to a different company (Jeddah Development and Urban Regeneration Company). If the airport's logo is acceptable instead, it is at https://upload.wikimedia.org/wikipedia/en/b/be/King_Abdulaziz_International_Airport_Logo.svg."
Jeddah Chamber of Commerce and Industry,Jeddah Chamber of Commerce and Industry,done,jeddah-chamber.png,Jeddah Chamber,"Jeddah Chamber of Commerce and Industry (JCCI), Saudi Arabia",official-site,https://www.jcci.org.sa/documents/d/jcc/jcc-logo-svg-1?download=true,"The site SVG has white brush and text parts. I recoloured them to the brand dark blue (#17658B), taken from the site's colour version (JCCI-Logo.png, which is too small at 400px). The logo is bilingual Arabic/English."
Jetstar Airways Pty,Jetstar Airways Pty,done,jetstar.png,Jetstar,"Jetstar Airways Pty Ltd, Australia",wikimedia,https://upload.wikimedia.org/wikipedia/commons/8/8f/Jetstar_logo.svg,
Jordan Office of Her Majesty Queen Rania Al Abdullah,Jordan Office of Her Majesty Queen Rania Al Abdullah,exists,royal-hashemite-court.png,Office of Her Majesty Queen Rania Al Abdullah,"Office of Her Majesty Queen Rania Al Abdullah (part of the Royal Hashemite Court), Jordan",,https://www.queenrania.jo/themes/custom/qr_theme/logo.svg,"The office's own mark exists only as a 119x112 raster (inside the site's logo.svg), and Wikimedia has no file for it. Following the note, which allows the Royal Hashemite Court as the alternative, this points to the existing royal-hashemite-court.png. If Will wants the office's own mark instead, it needs a larger source."
Jordan River Foundation,Jordan River Foundation,failed,,Jordan River Foundation,"Jordan River Foundation, Jordan",,,"Wikipedia has only a 280x123 non-free logo and the website header logo is 192x155, both under 400px."
Judicial Service of Ghana,Judicial Service of Ghana,done,judicial-service-of-ghana.png,Judicial Service of Ghana,"Judicial Service of Ghana, Ghana",wikimedia,https://upload.wikimedia.org/wikipedia/commons/5/59/Coat_of_arms_of_Ghana.svg,"The Judicial Service has no mark of its own; its site header uses the Ghana coat of arms plus a white name, so the national coat of arms is used."
Justice Institute of British Columbia,Justice Institute of British Columbia,failed,,Justice Institute of British Columbia,"Justice Institute of British Columbia (JIBC), New Westminster, Canada (batch lists the country as United Kingdom)",,https://www.jibc.ca/themes/custom/jibc/logo.svg,"The only official logo is a reversed SVG whose wordmark is white (only the shield renders on white), no dark variant was found on the site, and Wikimedia has no logo file."
KAHRAMAA,KAHRAMAA,done,kahramaa.png,Kahramaa,"Qatar General Electricity and Water Corporation (KAHRAMAA), Qatar",official-site,https://km.qa/Style%20Library/km19/img/logo.svg,Bilingual lockup kept. I removed a 'Doha 2021 Capital of Islamic Culture' event badge from the source SVG; nothing else was changed. The Wikipedia file (346x69) was too small.
KAPSARC,KAPSARC,done,kapsarc.png,KAPSARC,"King Abdullah Petroleum Studies and Research Center (KAPSARC), Saudi Arabia",official-site,https://cdn.kapsarc.org/media/rndbxyit/kapsarc_colored_logo_2025_1.png,"Uses the 2025 rebrand in colour, bilingual. The Wikimedia KAPSARC_Logo.png is the older mark."
KIMEP University,KIMEP University,failed,,KIMEP University,"KIMEP University, Almaty, Kazakhstan",,https://www.kimep.kz/wp-content/themes/kimep/img/logo-main.svg,"The site logo is white-only (the helper refused it), no colour variant was found in the page, its stylesheets or other sections, and Wikimedia has no KIMEP logo file."
KOSTT,KOSTT,failed,,KOSTT,"KOSTT (Transmission, System and Market Operator), Kosovo",,https://commons.wikimedia.org/wiki/File:Logo_Kostt.jpg,"The Wikimedia logo file is cropped at the right and top edges (the swoosh is cut off), and kostt.com could not be reached (TLS error or 403)."
Karachaganak Petroleum Operating (KPO),Karachaganak Petroleum Operating (KPO),failed,,KPO,"Karachaganak Petroleum Operating B.V. (KPO), Kazakhstan",,https://www.kpo.kz/fileadmin/template/img/logon.png,"The website header logo is only 75x57 and no larger version was found, and Wikimedia has no KPO logo."
Kelkoo,Kelkoo,done,kelkoo.png,Kelkoo Group,"Kelkoo Group (Kelkoo shopping comparison), UK/France",wikimedia,https://upload.wikimedia.org/wikipedia/commons/4/4b/Kg_logo.png,This is the full-colour Kelkoo Group lockup. The current site header uses a charcoal-only version of the same wordmark.
Kenya Airports Authority,Kenya Airports Authority,failed,,Kenya Airports Authority,"Kenya Airports Authority, Kenya",,,"The Wikipedia logo is 334x298 (under 400px), and kaa.go.ke blocks automated access with a Cloudflare 403, even with a browser user agent."
Kenya ICT Authority (ICTA),Kenya ICT Authority (ICTA),done,kenya-ict-authority.png,ICT Authority,"ICT Authority (ICTA), Republic of Kenya",official-site,https://cmsuat.icta.go.ke/newicta/sites/default/files/logo_icta-removebg-preview.png,"Official lockup with the Kenya coat of arms, as used in the site header. There is no Wikipedia page."
Kenya Insurance Regulatory Authority,Kenya Insurance Regulatory Authority,failed,,Insurance Regulatory Authority,"Insurance Regulatory Authority (IRA), Kenya",,,"The Wikipedia logo is 82x91, and ira.go.ke returns a reCAPTCHA bot-verification page."
Kenya Office of the Director of Public Prosecutions,Kenya Office of the Director of Public Prosecutions,failed,,Office of the Director of Public Prosecutions,"Office of the Director of Public Prosecutions (ODPP), Kenya",,https://odpp.go.ke/wp-content/uploads/2024/05/final-logo.png,"The site's logo is only 320x160 and its media library has no larger version, and there is no Wikipedia or Commons file."
Kenya Power and Lighting Company,Kenya Power and Lighting Company,failed,,Kenya Power,"Kenya Power and Lighting Company PLC, Kenya",,https://www.kplc.co.ke/images/logo.png,"The Wikipedia logo is 335x297 and the website logo is 138x120, both under 400px."
Kenya Roads Board,Kenya Roads Board,failed,,Kenya Roads Board,"Kenya Roads Board, Kenya",,,"krb.go.ke resets the connection (unreachable), and there is no Wikipedia page or Commons logo."
Kenya Vision 2030 Delivery Secretariat,Kenya Vision 2030 Delivery Secretariat,failed,,Kenya Vision 2030,"Kenya Vision 2030 Delivery Secretariat, Kenya",,http://vision2030.go.ke/wp-content/uploads/2020/02/v2030logo.jpg,"The website logo is 382x125 (under 400px) and no larger version was found, and there is no Commons logo."
King Abdullah Port,King Abdullah Port,failed,,King Abdullah Port,"King Abdullah Port, King Abdullah Economic City, Saudi Arabia",,https://www.kingabdullahport.com.sa/wp-content/uploads/2020/11/KAP-logo.png,"All website logo files are 300px wide or less (KAP-logo.png is actually served at 188x150), and Commons has only photos of the port."
King Fahad Specialist Hospital,King Fahad Specialist Hospital,failed,,King Fahad Specialist Hospital,,,,"Identity unclear: there are several King Fahad Specialist Hospitals in Saudi Arabia (Dammam, Buraidah, Tabuk) and the record gives no city. It is also distinct from King Faisal Specialist Hospital."
King Fahd University of Petroleum and Minerals,King Fahd University of Petroleum and Minerals,done,kfupm.png,KFUPM,"King Fahd University of Petroleum and Minerals, Saudi Arabia",wikimedia,https://upload.wikimedia.org/wikipedia/en/e/e6/KFUPM_Logo.svg,Current KFUPM symbol and wordmark lockup (SVG).
King Faisal Foundation,King Faisal Foundation,done,king-faisal-foundation.png,King Faisal Foundation,"King Faisal Foundation, Saudi Arabia",official-site,https://www.kff.com/wp-content/uploads/2023/03/KFF-Logo.jpg,"Bilingual lockup. The Wikipedia PNG was only 388px, so I used the 2250px version from the KFF media library. The source is a CMYK JPEG converted to RGB."
King Faisal Medical City,King Faisal Medical City,failed,,King Faisal Medical City,"Probably King Faisal Medical City for Southern Regions, Abha, Saudi Arabia",,,"Neither channel had a logo: no Wikipedia article or Commons file, and no reachable official website. The name may also be a mix-up with King Fahad Medical City (kfmc.med.sa) or KFSHRC, which is already in the library."
King Khalid Foundation,King Khalid Foundation,failed,,King Khalid Foundation,"King Khalid Foundation, Saudi Arabia (kkf.org.sa)",,,"No logo on English or Arabic Wikipedia or Commons, and the official site has only a 220px PNG with no SVG or larger version."
Kingdom Holding Company KSA,Kingdom Holding Company KSA,done,kingdom-holding.png,Kingdom Holding Company,"Kingdom Holding Company, Saudi Arabia",wikimedia,https://upload.wikimedia.org/wikipedia/en/3/3a/Kingdom_Holding_Company_%28logo%29.svg,Bilingual Arabic and English lockup (SVG).
Kraft,Kraft,failed,,Kraft,,,,"Identity unclear: 'Kraft' could be Kraft Heinz Company (USA) or Mondelez International (the former Kraft Foods snacks business, USA), and the note leaves it open."
Kudelski Group,Kudelski Group,done,kudelski-group.png,NAGRA Kudelski Group,"Kudelski Group (NAGRA Kudelski Group), Switzerland",official-site,https://www.nagra.com/themes/custom/nagra/assets/img/logos/nagra.svg,"kudelski.com now redirects to nagra.com, and its header logo is this NAGRA Kudelski Group lockup (SVG). Commons had only a small JPG."
Kuehne + Nagel Eastern Europe,Kuehne + Nagel Eastern Europe,done,kuehne-nagel.png,Kuehne+Nagel,"Kuehne + Nagel International AG, Switzerland (Eastern Europe regional unit)",wikimedia,https://upload.wikimedia.org/wikipedia/commons/c/c6/K%C3%BChne_%2B_Nagel_logo.svg,"Group logo, used for the Eastern Europe unit."
Kuwait Anti-Corruption Authority,Kuwait Anti-Corruption Authority,failed,,Kuwait Anti-Corruption Authority,"Kuwait Anti-Corruption Authority (Nazaha), Kuwait",,,"No logo on Wikipedia or Commons, and nazaha.gov.kw could not be reached (connection failed, 503 over http)."
Kuwait Capital Market Authority,Kuwait Capital Market Authority,failed,,Capital Markets Authority,"Capital Markets Authority, State of Kuwait (cma.gov.kw)",,,"The helper rejected the site header logo as white-only. The site has no dark or colour variant, only a faint watermark and small icons, and Wikipedia and Commons have no logo."
Kuwait Energy Company,Kuwait Energy Company,failed,,Kuwait Energy,"Kuwait Energy Company (kuwaitenergy.co), Kuwait, acquired by United Energy Group in 2019",,,"No logo on Wikipedia or Commons, and the official site has only a 200px header PNG with no larger or SVG version."
Kuwait Foundation for the Advancement of Sciences (KFAS),Kuwait Foundation for the Advancement of Sciences (KFAS),failed,,KFAS,"Kuwait Foundation for the Advancement of Sciences, Kuwait (kfas.org)",,,"The English and Arabic Wikipedia articles have no logo. The official site has a white logo and a 214px orange version, with no SVG or larger file."
Kuwait International Bank,Kuwait International Bank,failed,,Kuwait International Bank,"Kuwait International Bank (KIB), Kuwait",,,"The Wikipedia logo is only 383x185px, below the 400px minimum, and the official site kib.com.kw was blocked by the network proxy."
Kuwait National Fund for Small and Medium Enterprise Development,Kuwait National Fund for Small and Medium Enterprise Development,failed,,National Fund for SMEs,Kuwait National Fund for Small and Medium Enterprise Development (nationalfund.gov.kw),,,"No logo on Wikipedia or Commons. The official site sits behind a Sucuri JavaScript bot challenge, which I did not get around."
LAPFUND,LAPFUND,failed,,LAPFUND,"LAPFUND (Local Authorities Provident Fund), Kenya",,,"No Wikipedia or Commons logo, and lapfund.or.ke could not be reached (the proxy refused the connection)."
LEKOIL,LEKOIL,done,lekoil.png,LEKOIL,"LEKOIL Limited, Nigerian oil and gas company",official-site,https://lekoil.com/wp-content/uploads/2024/09/Lekoil-logo.svg,"The Wikipedia logo was only 96px, so I used the official site SVG."
LEO Pharma,LEO Pharma,done,leo-pharma.png,LEO Pharma,"LEO Pharma A/S, Denmark (UK operations)",wikimedia,https://upload.wikimedia.org/wikipedia/en/e/e5/Leo_Pharma_logo.svg,"Black lion-and-LEO mark, which matches the brand."
Landmark Group,Landmark Group,failed,,Landmark Group,"Landmark Group, UAE (landmarkgroup.com)",,,"The Wikipedia logo is only 253x78px, and the official site returned 403 to both the library and browser user agents."
Legal Services Board,Legal Services Board,done,legal-services-board.png,Legal Services Board,"Legal Services Board, United Kingdom",wikimedia,https://upload.wikimedia.org/wikipedia/commons/thumb/7/7f/Legal_Services_Board_logo.jpg/960px-Legal_Services_Board_logo.jpg,"The Commons original was rate-limited, so I used Wikimedia's 960px render of the same file."
Legatum,Legatum,failed,,Legatum,"Legatum, Dubai-based private investment group, UAE (the Legatum Institute is now the Prosperity Institute)",,,"The Wikipedia logo is only 316px, and legatum.com is behind a Vercel security checkpoint that answers 429."
Liberia Medicines and Health Product Regulatory Authority,Liberia Medicines and Health Product Regulatory Authority,failed,,LMHRA,"Liberia Medicines and Health Products Regulatory Authority (lmhra.gov.lr), Liberia",,,"No Wikipedia or Commons logo, and the official site has only a 303x120px header logo with no larger version."
Libya National Oil Corporation,Libya National Oil Corporation,done,libya-noc.png,National Oil Corporation,"National Oil Corporation (NOC), Libya",wikimedia,https://upload.wikimedia.org/wikipedia/commons/7/75/LNOC_logo.png,"Bilingual Arabic/English lockup, raster 1080px"
Lifera,Lifera,failed,,Lifera,"Lifera, PIF-owned pharmaceutical manufacturing company, Saudi Arabia",,,"No Wikipedia or Commons logo exists, and the official site (lifera.com, formerly lifera.com.sa) sits behind a SiteGround captcha that blocks automated downloads."
Lockton,Lockton,done,lockton.png,Lockton,"Lockton Companies, USA (global insurance broker)",wikimedia,https://upload.wikimedia.org/wikipedia/commons/a/a2/Lockton_Logo_Black.svg,Stacked globe and wordmark lockup; the brand's standard colour is black
London Business School,London Business School,done,london-business-school.png,London Business School,"London Business School, United Kingdom",wikimedia,https://upload.wikimedia.org/wikipedia/commons/4/47/RS9327_LBS_Standard_Logo_RGB_AW-hpr.jpg,"Standard navy block logo, JPG at 2363px"
Louvre Hotels Group,Louvre Hotels Group,done,louvre-hotels-group.png,Louvre Hotels Group,"Louvre Hotels Group, France",wikimedia,https://upload.wikimedia.org/wikipedia/fr/3/39/Louvre-Hotels-Group.png,"From the French Wikipedia infobox. The official site returns 403, so I could not confirm this is the mark in use today. The logo sits on its own dark grey panel."
LuLu Group,LuLu Center,done,lulu.png,LuLu,"LuLu Group International / LuLu Retail, UAE",wikimedia,https://upload.wikimedia.org/wikipedia/commons/a/ab/Lulu_Hypermarket_logo.png,"This is the core green LuLu script wordmark. The file on the LuLu Group International Wikipedia page is only 250px. The official site (luluretail.com) is behind a Cloudflare block. The raster is 477px, just above the minimum."
MB Holding Company,MB Holding Company,failed,,MB Holding,"MB Holding Company LLC (Mohammed Al Barwani group), Oman",,,"The Wikipedia page has only a portrait photo. Every request to mbholdingco.com, including the logo files in wp-content/uploads/2023/12, is served a SiteGround captcha."
MCI,MCI,failed,,MCI Group,"MCI Group, Switzerland (events and engagement agency with a Dubai office)",,,"The official site has only a white inline SVG logo, with no dark or colour variant. The only Commons file, File:MCI_Group.png, is a different company's grey MCI mark."
MISC Berhad,MISC Berhad,done,misc-group.png,MISC,"MISC Berhad, Malaysia",wikimedia,https://upload.wikimedia.org/wikipedia/commons/d/dd/MISC_Group_Logo_2023.png,Matches the current logo.svg in the miscgroup.com header
MRS Oil & Gas,MRS Oil & Gas,done,mrs-oil-and-gas.png,MRS,"MRS Oil and Gas Company Limited (MRS Group), Nigeria",official-site,https://www.mrsoilnigeria.com/images/logo-svg.svg,"This is the MRS group emblem (horse over the MRS oval), taken from sister company MRS Oil Nigeria Plc's SVG. I cropped the SVG viewBox to the emblem so the 'MRS Oil Nigeria Plc' name is left out. The group site, mrsholdings.com, only has a 318px raster."
Mabanee Company K.P.S.C,Mabanee Company K.P.S.C,failed,,Mabanee,"Mabanee Company K.P.S.C., Kuwait",,,"There is no Wikipedia logo in English or Arabic. The only official logo is a 232px PNG, found on the homepage, about page and media page. That is below the 400px minimum, and I found no SVG."
MacPaw,MacPaw,done,macpaw.png,MacPaw,"MacPaw, Ukraine (software developer)",official-site,https://macpaw.com/images/sprite.af66fde2.svg,"I combined the paw symbol and wordmark symbols from the site's SVG sprite as the header lays them out (both 24px high, text 84px wide), in black."
Maersk,Maersk,done,maersk.png,Maersk,"A.P. Moller - Maersk, Denmark",wikimedia,https://upload.wikimedia.org/wikipedia/commons/e/e6/Maersk_Group_Logo.svg,Current star and MAERSK wordmark lockup
Maitland Central Services,Maitland Central Services,failed,,Maitland,Probably Maitland Group (international fiduciary and advisory firm),,,"Identity unclear. The likely candidate is Maitland Group, but its site does not list an Isle of Man office, so it is unclear which brand the Isle of Man entity uses today. maitlandgroup.com also fails TLS/connection, and there is no Wikipedia logo."
Majis Industrial Services,Majis Industrial Services,failed,,Majis,"Majis Industrial Services S.A.O.C., Sohar, Oman",,,"There is no Wikipedia page. majis.om only has the bilingual logo as a 150x120 PNG and a 3D-rendered version, and neither meets the spec."
Maldives Pension Administration Office,Maldives Pension Administration Office,failed,,Pension Office,"Maldives Pension Administration Office, Maldives",,,"There is no Wikipedia page. The site header logo (inline SVG) and the og:image exist only in white, and I found no dark or colour variant."
Management Sciences for Health,Management Sciences for Health,done,management-sciences-for-health.png,Management Sciences for Health,"Management Sciences for Health (MSH), USA",official-site,https://msh.org/wp-content/uploads/2021/11/logo.svg,
ManpowerGroup,ManpowerGroup Middle East,done,manpowergroup.png,ManpowerGroup,ManpowerGroup Inc. (USA; Middle East operations in the UAE),wikimedia,https://upload.wikimedia.org/wikipedia/commons/1/14/ManpowerGroup_logo.svg,"Horizontal symbol-plus-name lockup, rendered from SVG."
MediaQuest,MediaQuest,failed,,MediaQuest,"Probably Mediaquest Corporation, Dubai (publishing house)",,,"Identity unclear. The candidates are Mediaquest Corporation (Dubai publisher, on Wikipedia) and Media Quest Group / MQuest (Dubai digital media company). Also, the Wikipedia logo is only 378px, mediaquest.ae is an under-construction page, and mediaquestcorp.com returns 403."
Medicines for Malaria Venture,Medicines for Malaria Venture,done,medicines-for-malaria-venture.png,Medicines for Malaria Venture,"Medicines for Malaria Venture (MMV), Switzerland",official-site,https://www.mmv.org/themes/custom/mmv_theme/logo.min.svg,
Meirc Training and Consulting,Meirc Training and Consulting,done,meirc.png,Meirc Training and Consulting,"Meirc Training and Consulting, UAE",official-site,https://www.meirc.com/assets/images/meirc-training-consulting-dubai-2023.png,The current site header logo carries a '65+ years' anniversary badge after a divider. The site has no version without it.
Meraas,Meraas,done,meraas.png,Meraas,"Meraas Holding LLC (Dubai Holding real estate unit), UAE",wikimedia,https://upload.wikimedia.org/wikipedia/commons/6/68/Meraas-logo.svg,"Used Meraas's own logo, not Dubai Holding's. The logo is black. meraas.com blocks automated requests, so I could not compare it with the live site."
Mercator,Mercator,failed,,Mercator,,,,"Identity unclear: several UAE firms trade as Mercator, including Mercator Solutions FZE (Accelya Group, airline software), Mercator General Trading (mercator-gt.com), Mercator Shipping and Logistics (mercator-ship.com) and a Dubai investment firm called Mercator."
Metro Jeddah,Metro Jeddah,failed,,Metro Jeddah,"Metro Jeddah Company, Saudi Arabia",,,"Wikimedia has no logo for Metro Jeddah Company or Jeddah Metro, and none of the likely official domains (metrojeddah.com.sa, metrojeddah.com, mjc.com.sa) could be reached."
Middle East Public Relations Association (MEPRA),Middle East Public Relations Association (MEPRA),done,mepra.png,MEPRA,"Middle East Public Relations Association (MEPRA), UAE-based regional body",official-site,https://www.mepra.org/wp-content/uploads/2026/01/Untitled-design-3.png,"The site header uses a 'Celebrating 25 years' anniversary lockup. I cropped it to the permanent bilingual mepra wordmark. The source PNG looks enlarged from a smaller original, so edges are slightly soft."
Misk Foundation,Misk Foundation,done,misk-foundation.png,Misk Foundation,"Mohammed bin Salman Foundation (Misk), Saudi Arabia",wikimedia,https://upload.wikimedia.org/wikipedia/en/d/d2/MiSK_Foundation_Logo.svg,The logo is bilingual (Arabic and English) and carries the full 'Mohammed Bin Salman Foundation' name.
Mohamed Yousuf Naghi & Brothers Group,Mohamed Yousuf Naghi & Brothers Group,failed,,Mohamed Yousuf Naghi and Brothers Group,"Mohamed Yousuf Naghi and Brothers Group, Jeddah, Saudi Arabia",,,"Wikimedia has no logo. The only logo on the official site (mynaghi.com/images/logo.png) is 353x142px, below the 400px minimum. naghi.com now redirects to an unrelated page."
Morningstar UK,Morningstar UK,done,morningstar.png,Morningstar,"Morningstar, Inc. (Morningstar UK is its UK arm), United States / United Kingdom",wikimedia,https://upload.wikimedia.org/wikipedia/commons/6/67/Morningstar_Logo.svg,
South32,Mozal,done,south32.png,South32,"South32 Limited (parent of Mozal aluminium smelter, Mozambique), Australia",wikimedia,https://upload.wikimedia.org/wikipedia/en/6/62/South32_logo.svg,Used the parent company's logo as the note asks. It is the stacked yellow lockup.
Muscat National Development and Investment Company,Muscat National Development and Investment Company,done,asaas.png,ASAAS,"ASAAS - Muscat National Development and Investment Company SAOC, Oman",official-site,https://asaas.om/en/wp-content/uploads/sites/2/2021/09/Horizontal_ASAAS_Logo.jpg,The logo is bilingual (Arabic and English).
Muscular Dystrophy UK,Muscular Dystrophy UK,done,muscular-dystrophy-uk.png,Muscular Dystrophy UK,"Muscular Dystrophy UK, United Kingdom",wikimedia,https://upload.wikimedia.org/wikipedia/commons/c/cc/Muscular_Dystrophy_UK_Main_Logo.jpg,The logo includes the 'Our muscles matter' strapline.
National Bank of Kuwait,NBK Capital; National Bank of Kuwait,done,nbk.png,National Bank of Kuwait,"National Bank of Kuwait (NBK), Kuwait; NBK Capital is its subsidiary",wikimedia,https://upload.wikimedia.org/wikipedia/commons/a/a8/NBK.svg,The logo is bilingual (Arabic and English).
NCAS,NCAS,failed,,NCAS,,,,"Identity unclear: NCAS could be the National Clinical Assessment Service (NHS, now Practitioner Performance Advice) or the National Centre for Atmospheric Science, among others."
NEOM,NEOM,done,neom.png,NEOM,"NEOM Company, Saudi Arabia",wikimedia,https://upload.wikimedia.org/wikipedia/en/5/55/Neom_City_Logo.svg,The logo is bilingual (Arabic and English) and stacked.
NIRSAL,NIRSAL,done,nirsal.png,NIRSAL,"Nigeria Incentive-Based Risk Sharing System for Agricultural Lending (NIRSAL Plc), Nigeria",official-site,https://nirsal.com/wp-content/uploads/2025/07/NIRSAL-Company-Profile-.pdf,"The site header logo is too small (280px), so I rendered the logo from the cover of the official company profile PDF. I cropped it to the NIRSAL wordmark and symbol, without the long descriptor line underneath."
NIS,NIS,done,nis.png,NIS,"NIS j.s.c. Novi Sad (Naftna Industrija Srbije), Serbia",wikimedia,https://upload.wikimedia.org/wikipedia/commons/5/5f/NIS_Logo.svg,Matches the logo in the current nis.rs site header.
NRS International,NRS International,done,nrs-relief.png,NRS Relief,"NRS Relief (formerly NRS International FZCO), Dubai, UAE",official-site,https://www.nrsrelief.com/wp-content/uploads/2026/08/NRS-Relief-Product-Catalogue.pdf,"The company now trades as NRS Relief. The site header logo is too small (240px), so I rendered the logo from the cover of the official product catalogue PDF."
NUPCO,NUPCO,done,nupco.png,NUPCO,"National Unified Procurement Company for Medical Supplies (NUPCO), Saudi Arabia",official-site,https://www.nupco.com/wp-content/uploads/2026/07/دليل-الهوية_compressed.pdf,The site's own logo files are white only. I rendered the full-colour primary logo from page 16 of the official brand guide PDF linked from nupco.com/media-center/brand-guide.
Nairobi Ministry of Metropolitan Development,Nairobi Ministry of Metropolitan Development,done,kenya-coat-of-arms.png,Kenya Ministry of Nairobi Metropolitan Development,"Ministry of Nairobi Metropolitan Development (abolished), Government of Kenya",wikimedia,https://upload.wikimedia.org/wikipedia/commons/f/f6/Coat_of_arms_of_Kenya_%28Official%29.svg,"The ministry had no mark of its own, so I used the Kenyan national coat of arms."
Nation Media Group,Nation Media Group,done,nation-media-group.png,Nation Media Group,"Nation Media Group PLC, Kenya",official-site,https://www.nationmedia.com/wp-content/themes/nmg/dist/img/logo-horiz-blue-black.svg,"The Wikipedia logo is only 194px. The site header uses a white-text version, so I used the site's blue-and-black version of the same logo. It includes the 'Media of Africa for Africa' strapline."
Senedd,National Assembly of Wales,done,senedd.png,Senedd,"Senedd Cymru / Welsh Parliament (formerly National Assembly for Wales), United Kingdom",official-site,https://senedd.wales/media/uxydnwo2/senedd-cymru-black.png,Wikimedia has no Senedd logo and the site header logo is white only. I used the black version of the same bilingual (Welsh and English) logo from senedd.wales.
National Association of Head Teachers,National Association of Head Teachers,failed,,NAHT,"National Association of Head Teachers (NAHT), United Kingdom",,,"The only Wikipedia logo is a 220px raster, which is too small, and naht.org.uk could not be reached because its TLS certificate chain failed to verify."
National Bank of Bahrain,National Bank of Bahrain,done,national-bank-of-bahrain.png,National Bank of Bahrain,"National Bank of Bahrain (NBB), Bahrain",official-site,https://nbbonline.com/wp-content/uploads/2024/05/logo.svg,"Wikimedia only has the Arabic shield on its own, so the tile uses the full NBB wordmark plus Arabic shield lockup from the site header."
National Bank of Oman,National Bank of Oman,failed,,National Bank of Oman,"National Bank of Oman (NBO), Oman",,,"The Commons file NBO New Logo.gif is only 172x65, the site header Logo.png is only 204x78, and the site has no SVG or larger logo file."
National Bank of Rwanda,National Bank of Rwanda,done,national-bank-of-rwanda.png,National Bank of Rwanda,"National Bank of Rwanda (Banque Nationale du Rwanda, BNR), Rwanda",official-site,https://www.bnr.rw/static/media/bnr-logo.7633d18322b2e9a1c715.png,"The Wikipedia logo is only 316px, so this is the full-colour 1182px seal from the site's own assets."
National Cash Transfer Office,National Cash Transfer Office,failed,,NCTO,"National Cash Transfer Office (NCTO), Nigeria",,,"Wikimedia has no logo, and the only usable site file (ncto.gov.ng/logo.jpg) sits on a grey box, so the tile showed a grey rectangle and was deleted."
NHIA,National Health Insurance Scheme,failed,,NHIA,"National Health Insurance Authority (NHIA, formerly National Health Insurance Scheme), Nigeria",,,"Wikimedia has no logo, and the largest logo on nhia.gov.ng (NHIA-logo.jpg, 400x400) trims to 355px, below the 400px minimum. Use the name nhia-nigeria if retried, because national-health-insurance-authority is the Ghana body."
National Housing Federation,National Housing Federation,done,national-housing-federation.png,National Housing Federation,"National Housing Federation (NHF), United Kingdom",official-site,https://www.housing.org.uk/globalassets/images/logos/nhf_logo_blue_rgb-1.jpg,"The header SVG is white only, so the tile uses the clean blue logo file the site gives as its og:image."
National Library of NIG,National Library of NIG,failed,,National Library of Nigeria,"National Library of Nigeria (NLN), Nigeria",,,"The Wikipedia page has only a staff photo, and the site logo (nln.gov.ng/assets/img/nln_logo.png) is only 175px."
National Marine Dredging Company,National Marine Dredging Company,done,nmdc-group.png,NMDC Group,"NMDC Group (formerly National Marine Dredging Company), UAE",official-site,https://www.nmdc-group.com/assets/images/logo/NMDC%20Group.svg,"National Marine Dredging Company is now called NMDC Group, so this is the current group logo."
National Microfinance Bank,National Microfinance Bank,done,nmb-bank.png,NMB Bank,"NMB Bank Plc (National Microfinance Bank), Tanzania",wikimedia,https://upload.wikimedia.org/wikipedia/commons/8/88/Nmb_logo.jpg,"Caveat: the only full-colour version I found is the white NMB wordmark with an orange swoosh inside a blue square (500px JPG). The logo on the bank's website header is white only, so I did not use it. Please check the blue-square version is acceptable."
National Petroleum Institute of Mozambique (INP),National Petroleum Institute of Mozambique (INP),done,inp-mozambique.png,INP Mozambique,"Instituto Nacional de Petróleo (INP), Mozambique",official-site,https://www.inp.gov.mz/wp-content/uploads/2024/01/NOVO-LOGO-CORES-TRANSPARENTE-1.png,"This is the new colour logo from 2024. The source raster is 567px, so the tile is only 532px."
National Transformation Program Center,National Transformation Program Center,failed,,National Transformation Program,"National Transformation Program Center (NTP, a Vision 2030 programme), Saudi Arabia",,,"The programme has its own mark, but no Wikipedia or Commons logo was found, and vision2030.gov.sa returned 403 to automated requests, including with a browser user agent."
National Union of Students,National Union of Students,done,national-union-of-students.png,National Union of Students,"National Union of Students (NUS), United Kingdom",official-site,https://assets.nationbuilder.com/nus/sites/1/meta_images/original/NUS_UK.png?1728472429,"The Wikipedia logos are under 400px. This is the site's own colour logo image, hosted on its NationBuilder asset server."
National Water Company,National Water Company,done,national-water-company.png,National Water Company,"National Water Company (NWC), Saudi Arabia",wikimedia,https://upload.wikimedia.org/wikipedia/commons/thumb/2/21/National_Water_Company_Logo_2021.png/1280px-National_Water_Company_Logo_2021.png,"Bilingual Arabic and English logo (2021). The original stayed rate-limited, so this is Wikimedia's 1280px render of the same file."
NautaDutilh,NautaDutilh,done,nautadutilh.png,NautaDutilh,"NautaDutilh N.V., Netherlands",official-site,https://www.nautadutilh.com/en/,"Wikimedia has only an office photo, so this is the inline SVG logo saved from the site header."
Navitas,Navitas,done,navitas.png,Navitas,"Navitas Pty Ltd, Australia",official-site,https://www.navitas.com/wp-content/themes/wp-navitas/images/navitas-logo.svg,
Nemetschek,Nemetschek OOD,done,nemetschek.png,Nemetschek Group,"Nemetschek SE (Nemetschek Group), Germany, the parent of Nemetschek OOD in Bulgaria",wikimedia,https://upload.wikimedia.org/wikipedia/commons/0/05/Nemetschek_AG_Logo.svg,"This matches the current site logo, which only adds the tagline 'Shape the world'."
Niger Delta Development Commission (NDDC),Niger Delta Development Commission (NDDC),failed,,NDDC,"Niger Delta Development Commission (NDDC), Nigeria",,,"The Wikipedia logo is only 76px, and nddc.gov.ng returns 403 for its page and logo files (NDDCNewLogo.jpg, nddclogo.png)."
Nigeria Deposit Insurance Corporation (NDIC),Nigeria Deposit Insurance Corporation (NDIC),done,ndic.png,NDIC,"Nigeria Deposit Insurance Corporation (NDIC), Nigeria",official-site,https://ndic.gov.ng/assets/logo/logo_blue.png,The lockup includes the full name and the tagline 'Protecting your bank deposits'.
Nigeria Economic and Financial Crimes Commission (EFCC),Nigeria Economic and Financial Crimes Commission (EFCC),failed,,EFCC,"Economic and Financial Crimes Commission (EFCC), Nigeria",,,"The Wikipedia EFCC_LOGO.jpg is only 354px, and the site logo (EFCC-Logo.png) is only 100px. The only larger site image is a promotional graphic, not a clean logo."
Nigeria Federal Inland Revenue Service (FIRS),Nigeria Federal Inland Revenue Service (FIRS),failed,,FIRS,"Federal Inland Revenue Service (FIRS), Nigeria, replaced by the Nigeria Revenue Service (NRS) under the 2025 tax reform",,,"FIRS has been replaced by the Nigeria Revenue Service (NRS), so the spec calls for the last FIRS logo: the FIRS Wikipedia page now redirects to NRS with no logo file, and firs.gov.ng refuses connections (reset). Ask Will whether the NRS logo would be acceptable instead."
Nigeria Federal Road Safety Corps,Nigeria Federal Road Safety Corps,failed,,Federal Road Safety Corps,"Federal Road Safety Corps (FRSC), Nigeria",,,"The Wikipedia logo is only 365px. The site's own frsc-logo.svg is a rough trace with the eagle's head and wing tips cut off, so I deleted it, and the site's PNG logo is only 256px."
Nigeria Governors' Forum Secretariat,Nigeria Governors' Forum Secretariat,failed,,Nigeria Governors' Forum,"Nigeria Governors' Forum (NGF) Secretariat, Nigeria",,,"There is no logo file on Wikipedia or Commons, and the only logo on nggovernorsforum.org is a 279x96 PNG, which is too small."
Nigeria Independent National Electoral Commission (INEC),Nigeria Independent National Electoral Commission (INEC),done,inec.png,Independent National Electoral Commission,"Independent National Electoral Commission (INEC), Nigeria",official-site,https://inecnigeria.org/_nuxt/inec_logo_crest_clean.Bwnv6GSg.png,This is a raster crest of 480x468; it is slightly soft but fully legible.
Nigeria Industrial Training Fund (ITF),Nigeria Industrial Training Fund (ITF),done,itf-nigeria.png,Industrial Training Fund,"Industrial Training Fund (ITF), Nigeria",official-site,https://itf.gov.ng/logo_4.png,"The Wikipedia file is only 316px, so I used the 508px seal from the site."
Nigeria National Agency for the Control of AIDS (NACA),Nigeria National Agency for the Control of AIDS (NACA),done,naca.png,National Agency for the Control of AIDS,"National Agency for the Control of AIDS (NACA), Nigeria",official-site,https://naca.gov.ng/wp-content/uploads/2021/01/Untitled-design.png,This is the 500px seal that NACA's site uses as its icon; the header banner is only 343px.
Nigeria National Broadcasting Commission,Nigeria National Broadcasting Commission,failed,,National Broadcasting Commission,"National Broadcasting Commission (NBC), Nigeria",,,"The Wikipedia article has no logo file, and nbc.gov.ng serves only an 'Under Maintenance' page with no logo."
Nigeria Office of Accountant General of The Federation,Nigeria Office of Accountant General of The Federation,done,oagf.png,Office of the Accountant General of the Federation,"Office of the Accountant General of the Federation (OAGF), Nigeria",official-site,https://oagf.gov.ng/wp-content/uploads/2022/12/Logo-Main-Full.svg,
Nigeria Office of the Head of Civil Service of the Federation,Nigeria Office of the Head of Civil Service of the Federation,done,nigeria-coat-of-arms.png,Office of the Head of the Civil Service of the Federation,"Office of the Head of the Civil Service of the Federation (OHCSF), Nigeria",wikimedia,https://upload.wikimedia.org/wikipedia/commons/b/bc/Coat_of_arms_of_Nigeria.svg,"OHCSF has no mark of its own; its site header is the coat of arms beside its name. I therefore used the Nigerian coat of arms, saved under a generic file name that other Nigerian bodies can reuse."
Nigerian Electricity Regulatory Commission,Nigerian Electricity Regulatory Commission,failed,,Nigerian Electricity Regulatory Commission,"Nigerian Electricity Regulatory Commission (NERC), Nigeria",,,"There is no NERC Nigeria logo on Wikipedia or Commons (the Commons files named NERC are other bodies), and the largest logo on nerc.gov.ng is 328px."
Nigerian Export - Import bank,Nigerian Export - Import bank,failed,,NEXIM Bank,"Nigerian Export-Import Bank (NEXIM Bank), Nigeria",,,"The Wikipedia infobox has no logo file, and neximbank.com.ng blocks automated requests with a Cloudflare 403, even with a browser user agent."
North Oil Company (NOC),North Oil Company (NOC),failed,,North Oil Company,"North Oil Company (NOC), Qatar (operator of the Al-Shaheen field)",,,"The Wikipedia logo is only 223px, and noc.qa's header logo is only 236x157; the site's SVG logo reference is commented out and returns 404."
Novartis,Novartis,done,novartis.png,Novartis,"Novartis AG, Switzerland",wikimedia,https://upload.wikimedia.org/wikipedia/commons/7/7c/Novartis-Logo-2023.svg,
OLX Group,OLX Group,done,olx.png,OLX,"OLX Group (now OLX), Netherlands-headquartered online classifieds group with operations in Portugal",wikimedia,https://upload.wikimedia.org/wikipedia/en/4/49/OLX_logo.svg,This is the current OLX corporate logo from the Wikipedia infobox; the group has dropped 'Group' from its brand name.
OMV,OMV Middle East & Africa,done,omv.png,OMV,"OMV Aktiengesellschaft, Austria",wikimedia,https://upload.wikimedia.org/wikipedia/en/1/1a/OMV_Logo_2024.svg,This is the 2024 OMV logo.
OPTS,OPTS; Nigeria Oil Producers Trade Section (OPTS),failed,,OPTS,"Oil Producers Trade Section (OPTS) of the Lagos Chamber of Commerce and Industry, Nigeria",,,"There is no Wikipedia or Commons logo, and the only logo on opts-ng.com is a 182x39 PNG; its 512px site icon is a blurry crop of the same small file."
OSN,OSN,done,osn.png,OSN,"OSN (Orbit Showtime Network), UAE",wikimedia,https://upload.wikimedia.org/wikipedia/commons/4/47/OSN_2020_logo.svg,"This is the 2020 OSN logo from the Wikipedia infobox. The streaming product is branded OSN+, and I could not check osn.com (it returned 406), so it is unconfirmed whether the site still shows this mark."
Oando,Oando,done,oando.png,Oando,"Oando PLC, Nigeria",wikimedia,https://upload.wikimedia.org/wikipedia/en/d/de/Oando_logo.svg,
Octal,Octal,failed,,Octal,"OCTAL (PET resin and sheet producer, Salalah, Oman), now an Alpek Polyester business",,,"There is no Octal page or logo on Wikipedia or Commons, and octal.com now redirects to alpekpolyester.com, which shows only the Alpek Polyester logo. If Will wants the parent mark instead, the Alpek Polyester SVG is at https://www.alpekpolyester.com/wp-content/uploads/2023/04/alpek-polyester.svg."
Octopus Investments,Octopus Investments,done,octopus-investments.png,Octopus Investments,"Octopus Investments Limited, United Kingdom (part of Octopus Group)",official-site,https://octopusinvestments.com/wp-content/themes/investments-rebrand/dist/static/img/octopus-logo-oi.svg,The site header uses a white version; this is the site's own navy version of the same logo.
Oikocredit International,Oikocredit International,failed,,Oikocredit,"Oikocredit, Ecumenical Development Cooperative Society U.A., Netherlands",,,"The only Commons logo is an older lockup with a German tagline ('in Menschen investieren'), which is not the current international mark, and oikocredit.org blocks automated requests with a 403, even with a browser user agent."
Olympic Delivery Authority (ODA),Olympic Delivery Authority (ODA),failed,,Olympic Delivery Authority,"Olympic Delivery Authority (London 2012), United Kingdom",,https://en.wikipedia.org/wiki/File:Olympic_Delivery_Authority.png,"The only Wikipedia logo file is 133x148 px, too small to use. The body closed in 2014 and its own website is gone; the gov.uk page shows only the generic crest and the archived site could not be reached."
Oman Airports,Oman Airports,failed,,Oman Airports,"Oman Airports Management Company (Oman Airports), Oman",,https://www.omanairports.co.om/frontend/web/images/store/store-1582175835-store-1535346912-omanairports_logo_dual_rgb.png,"Wikipedia's Oman Airports page has no logo. The official site only has small copies of the bilingual logo (230x67 and 300x90, and a 372px-wide copy in a PDF), and the helper rejected them all as too small."
APSR,Oman Authority for Electricity Regulation,failed,,APSR,"Authority for Public Services Regulation (APSR), Oman, successor to the Authority for Electricity Regulation",,https://apsr.om/en/home,"Neither Wikipedia nor Commons has an APSR logo. apsr.om is a JavaScript app that loads its logo from a third-party platform API; no logo file is in the page or its bundle, and the only site icon is 256px."
Oman be'ah,Oman Environmental Services Holding Company; Oman Environmental Services Holding Company (be'ah),failed,,be'ah,"Oman Environmental Services Holding Company (be'ah), Oman",,https://beah.om/documents/d/guest/colored-logo-png,"beah.om's colour logo is only 223x183 px, and its large logo files (4500px footer logo, 566px logo) are white-only. There is no Wikipedia article or Commons file."
Oman Information Technology Authority,Oman Information Technology Authority,failed,,Oman Information Technology Authority,"Information Technology Authority (ITA), Oman, merged into the Ministry of Transport, Communications and IT",,,"ita.gov.om no longer resolves (its certificate is invalid and the proxy could not connect). Wikipedia and Commons have no ITA logo, so the last ITA logo could not be sourced."
Sukoon,Oman Insurance Company,done,sukoon.png,Sukoon Insurance,"Sukoon Insurance PJSC (formerly Oman Insurance Company), United Arab Emirates",wikimedia,https://upload.wikimedia.org/wikipedia/en/1/1b/Logo_of_Sukoon_Insurance.png,Raster source (511x195); the logo is 475px wide in a 532px tile.
Oman International Development & Investment Co (Ominvest),Oman International Development & Investment Co (Ominvest),done,ominvest.png,Ominvest,"Oman International Development and Investment Company SAOG (Ominvest), Oman",official-site,https://ominvest.com/assets/uploads/2023/05/ominvest_logo_lg.png,Bilingual English/Arabic logo; raster source 1000x278.
Oman LNG,Oman LNG,failed,,Oman LNG,"Oman LNG LLC, Oman",,https://omanlng.co.om/Style%20Library/assets/images/logo.png,The Wikipedia logo is 290x289 px and the site header logo is 296x224 px; both are below 400px. No SVG or larger file was found on omanlng.co.om.
Oman National Security Service Group (NSSG),Oman National Security Service Group (NSSG),failed,,NSSG,"National Security Services Group (NSSG), Oman cybersecurity company (reported merged with Dreamlab Technologies in 2024)",,,"There is no Wikipedia or Commons logo, and no official Oman NSSG website could be found (nssg.om does not resolve). nssg.global is a different, Italian-run business. If the note 'Oman security body' means a government service rather than this company, the identity is also unclear."
Oman Public Authority for Electricity and Water,Oman Public Authority for Electricity and Water,failed,,Oman Public Authority for Electricity and Water,"Public Authority for Electricity and Water (Diam), Oman, since abolished",,,"paew.gov.om is unreachable through the proxy, and WebFetch found no images on it. Wikipedia and Commons have no logo, so the last PAEW logo could not be sourced."
Oman Public Authority for Social Insurance,Oman Public Authority for Social Insurance,failed,,Oman Public Authority for Social Insurance,"Public Authority for Social Insurance (PASI), Oman, merged into the Social Protection Fund",,,pasi.gov.om and spf.gov.om cannot be reached (connection refused or timed out). Wikipedia and Commons have no PASI logo.
Oman Telecommunications Regulatory Authority,Oman Telecommunications Regulatory Authority,failed,,Oman TRA,"Telecommunications Regulatory Authority (TRA), Oman",,https://www.tra.gov.om/assets/images/tra-logo.png,"The site's colour logos are too small (tra-logo.png 286x87, tra.png 126x160), and the 400px version is white-only. No Wikipedia article or Commons file exists."
Oman Tourism Development Co (OMRAN),Oman Tourism Development Co (OMRAN),done,omran-group.png,OMRAN,"Oman Tourism Development Company (OMRAN Group), Oman",official-site,https://omran.om/site/img/logo.svg,Current black bilingual mark: Arabic monogram with OMRAN in Latin letters.
Omani Authority for Partnership and Development,Omani Authority for Partnership and Development,failed,,Omani Authority for Partnership for Development,"Omani Authority for Partnership for Development (OAPD), Oman, established 2014 by Royal Decree 9/2014, which has since been repealed",,,The body is defunct and oapd.gov.om is unreachable through the proxy. There is no Wikipedia or Commons logo.
Ooredoo,Ooredoo,done,ooredoo.png,Ooredoo,"Ooredoo Q.P.S.C., Qatar",wikimedia,https://upload.wikimedia.org/wikipedia/commons/a/a8/Ooredoo_logo.svg,
Open Society Initiative for West Africa (OSIWA),Open Society Initiative for West Africa (OSIWA),failed,,OSIWA,"Open Society Initiative for West Africa (OSIWA), Senegal, part of the Open Society Foundations network",,https://www.osiwa.org,"osiwa.org now redirects to the Open Society Foundations Africa page, which uses the OSF logo, and the archived OSIWA site is blocked. There is no Wikipedia or Commons OSIWA logo. If OSF counts as the successor, its logo could be used instead."
Organisation for Economic Co-operation and Development,Organisation for Economic Co-operation and Development,done,oecd.png,OECD,"Organisation for Economic Co-operation and Development, France (Paris)",wikimedia,https://upload.wikimedia.org/wikipedia/en/0/0d/OECD_logo_new.svg,
Overseas Development Institute,Overseas Development Institute,failed,,ODI,"ODI Global (formerly Overseas Development Institute), United Kingdom",,https://odi.org/en/,"odi.org blocks automated requests with Cloudflare, and a readable copy of the page listed no logo file. The only clean image found is a social thumbnail on a navy background. No Wikipedia or Commons logo was found."
OxfordAQA,Oxford International AQA Examinations,done,oxfordaqa.png,OxfordAQA,"Oxford International AQA Examinations (OxfordAQA), United Kingdom",official-site,https://www.oxfordaqa.com/wp-content/uploads/2026/05/OxfordAQA_Logo.svg,"Navy lockup with 'International Qualifications' strapline, from the site's media library."
PCNI,PCNI,failed,,PCNI,"Presidential Committee on the North East Initiative (PCNI), Nigeria; functions transferred to the North East Development Commission in 2019",,https://pcni.gov.ng/,"pcni.gov.ng does not resolve and there is no Wikipedia or Commons logo. The identity is also a best match only, since the note says the name is unclear."
PEN International,PEN International,done,pen-international.png,PEN International,"PEN International, United Kingdom (London)",wikimedia,https://upload.wikimedia.org/wikipedia/commons/1/17/Pen_international.svg,"Black wordmark, which matches the black logo on pen-international.org."
Pakistan National Electric Power Regulatory Authority,Pakistan National Electric Power Regulatory Authority,failed,,NEPRA,"National Electric Power Regulatory Authority (NEPRA), Pakistan",,https://nepra.org.pk/assets/img/logo.png,"Both channels only have small rasters: the Wikipedia logo file is 250px and the site's header logo is 300x60 (with a 100px emblem), and there is no SVG, so the helper would have to upscale."
Palestine Investment Fund,Palestine Investment Fund,done,palestine-investment-fund.png,Palestine Investment Fund,"Palestine Investment Fund, Palestine",official-site,https://www.pif.ps/img/logo.png,"Bilingual Arabic/English lockup with tagline, as used in the site header."
Palestine Monetary Authority,Palestine Monetary Authority,done,palestine-monetary-authority.png,Palestine Monetary Authority,"Palestine Monetary Authority, Palestine",official-site,https://www.pma.ps/assets/pma-logo-ar-DpFx0GvS.png,Bilingual logo from the site. The Wikipedia file was too small (336px).
Paula's Choice,Paula's Choice,done,paulas-choice.png,Paula's Choice,"Paula's Choice (skincare brand), Netherlands/US",official-site,https://www.paulaschoice.com/on/demandware.static/-/Library-Sites-paulachoice/default/dw8b4ff1a6/images/header/logo.svg,The site uses a wordmark only; this SVG is from the site header.
Peace Brigades International,Peace Brigades International,done,peace-brigades-international.png,Peace Brigades International,Peace Brigades International (PBI),official-site,https://peacebrigades.org/sites/default/files/files/PBI-logo-main.png,Current pbi mark from the site. Wikimedia was rate-limited (429) when this was sourced.
Permanent Representation of Latvia to the EU,Permanent Representation of Latvia to the EU,done,latvia-coat-of-arms.png,Permanent Representation of Latvia to the EU,Permanent Representation of the Republic of Latvia to the European Union (Brussels),wikimedia,https://upload.wikimedia.org/wikipedia/commons/thumb/4/45/Coat_of_arms_of_Latvia.svg/1280px-Coat_of_arms_of_Latvia.svg.png,"Treated as a diplomatic mission, so it uses Latvia's (greater) coat of arms. Built from the Wikimedia PNG render because the SVG original was rate-limited."
Personio HR Operating System,Personio HR Operating System,done,personio.png,Personio,"Personio SE and Co. KG (HR software), Germany",wikimedia,https://upload.wikimedia.org/wikipedia/commons/thumb/a/ab/Personio_logo_%282024%29.svg/1280px-Personio_logo_%282024%29.svg.png,"2024 logo, built from the Wikimedia PNG render of the SVG."
Petro Rabigh,Petro Rabigh,done,petro-rabigh.png,Petro Rabigh,"Rabigh Refining and Petrochemical Company (Petro Rabigh), Saudi Arabia",wikimedia,https://upload.wikimedia.org/wikipedia/en/thumb/f/f5/Petro_Rabigh_-_Logo.svg/1280px-Petro_Rabigh_-_Logo.svg.png,Bilingual lockup. The official site was unreachable.
Petrochad (ExxonMobil/Esso),Petrochad (ExxonMobil/Esso),exists,exxonmobil.png,ExxonMobil,"Esso Exploration and Production Chad (ExxonMobil affiliate), Chad; parent Exxon Mobil Corporation, USA",wikimedia,https://upload.wikimedia.org/wikipedia/commons/1/18/Exxon_Mobil_Logo.svg,"Used the parent_group ExxonMobil. exxonmobil.png is already in out/logos (made earlier in this run, not yet in the manifest) and is the same organisation, so no new file. The library also has esso.png if Will prefers the Esso mark."
Petroleum Technology Development Fund,Petroleum Technology Development Fund,done,petroleum-technology-development-fund.png,Petroleum Technology Development Fund,"Petroleum Technology Development Fund (PTDF), Nigeria",official-site,https://cms.ptdf.gov.ng/uploads/ptdf_logo_f52473aa3f.png,No Wikipedia page or file. The seal logo (522px) is from the site CMS.
Philippines Department of Finance,Philippines Department of Finance,done,philippines-department-of-finance.png,Philippines Department of Finance,"Department of Finance, Republic of the Philippines",wikimedia,https://upload.wikimedia.org/wikipedia/commons/thumb/2/2d/Department_of_Finance_%28DOF%29.svg/1280px-Department_of_Finance_%28DOF%29.svg.png,Uses the department's own seal.
Port of Fujairah,Port of Fujairah,done,port-of-fujairah.png,Port of Fujairah,"Port of Fujairah, Fujairah, UAE",official-site,https://fujairahport.ae/,Inline SVG main_logo_whitebg (emblem plus name) taken from the site header and saved locally.
Preqin,Preqin,done,preqin.png,Preqin,"Preqin Ltd (alternative assets data, now part of BlackRock), UK",official-site,https://images.ctfassets.net/zf87m07ner47/2JxBHM4fmVBOCmvOzfHTHK/e4239f13c827244699a51e147e480cc4/Preqin-logo-colour.png,"Current colour logo, including the line 'a part of BlackRock'. The site's header SVG is white-only."
Priory Group,Priory Group,done,priory-group.png,Priory,"Priory Group (Priory Healthcare), United Kingdom",official-site,https://www.priorygroup.com/media/y0jlu3qg/new-logo-banner-2026-1.png,"Wikipedia's logo (the old green and red PRIORY wordmark) is out of date, so I rejected it. The 2026 rebrand uses a new 'Priory' wordmark. The header file is only 304x88, so I cropped the logo from the white area of the official 3840px brand-launch banner on priorygroup.com."
QA,QA,done,qa.png,QA,"QA Ltd (tech training and apprenticeships), United Kingdom",official-site,https://www.qa.com/,"Inline header SVG logo from qa.com, saved locally."
Qatar Airways,Qatar Airways,done,qatar-airways.png,Qatar Airways,"Qatar Airways Company Q.C.S.C., Qatar",wikimedia,https://upload.wikimedia.org/wikipedia/en/thumb/9/9b/Qatar_Airways_Logo.svg/1280px-Qatar_Airways_Logo.svg.png,Bilingual lockup with the oryx.
Qatar Defence Attaché,Qatar Defence Attaché,done,qatar-coat-of-arms.png,Qatar Defence Attaché,"Office of the Defence Attaché of the State of Qatar (Qatar Armed Forces, attached to the embassy)",wikimedia,https://upload.wikimedia.org/wikipedia/commons/thumb/a/a9/Emblem_of_Qatar-2022.svg/1280px-Emblem_of_Qatar-2022.svg.png,"An attaché office has no mark of its own, so this uses the emblem of Qatar (2022 version), following the embassy rule. The Qatar Armed Forces emblem could be used instead if Will prefers."
QIB,Qatar Islamic Bank Sudan,done,qatar-islamic-bank.png,QIB,"Qatar Islamic Bank (QIB), Qatar; parent of Qatar Islamic Bank Sudan",wikimedia,https://upload.wikimedia.org/wikipedia/commons/thumb/d/d0/Logo_Qatar_Islamic_Bank.svg/960px-Logo_Qatar_Islamic_Bank.svg.png,"Parent QIB logo, as the note directs. The Arabic wordmark is part of the official lockup. The site header version is white-only."
Qatar Stars League (QSL),Qatar Stars League (QSL),done,qatar-stars-league.png,Qatar Stars League,"Qatar Stars League (QSL) Management, Qatar",official-site,https://www.qsl.qa/sites/default/files/2023-09/QSL%20.zip,Stacked bilingual logo (QSL_Logo_Port_CMYK.png) from the QSL brand kit on qsl.qa/ar/logos. The Wikipedia file was only 100px. The league's current season sponsor titles are not used.
Qiddiya,Qiddiya,done,qiddiya.png,Qiddiya,"Qiddiya Investment Company, Saudi Arabia",wikimedia,https://upload.wikimedia.org/wikipedia/en/thumb/f/f3/Qiddiya_Logo.svg/1280px-Qiddiya_Logo.svg.png,"The official site blocked automated requests (403), so this could not be checked against the site."
Quandoo,Quandoo,done,quandoo.png,Quandoo,"Quandoo GmbH (restaurant booking platform), Germany",official-site,https://www.quandoo.com/,"Inline header SVG logo from quandoo.com, saved locally."
Queen Rania Foundation,Queen Rania Foundation,done,queen-rania-foundation.png,Queen Rania Foundation,"Queen Rania Foundation for Education and Development, Jordan",official-site,https://qrf.org/themes/custom/qrf/logo.svg,"The site header SVG is bilingual, but its English line is white because the header is dark. Only that one path was recoloured to dark grey (#282828, the background of the site's own metatag image) so the bilingual lockup reads on white. The Arabic text and the symbol are unchanged."
RAK Gas,RAK Gas,done,rak-gas.png,RAK Gas,"RAK Gas LLC, Ras Al Khaimah, UAE",official-site,https://rakgas.ae/,"Inline SVG logo from the site header. Its 'RAK' letters are white, so they were recoloured to the site's theme colour (#444f5c). 'GAS' stays in the original tan."
RSPB,RSPB,done,rspb.png,RSPB,"Royal Society for the Protection of Birds, United Kingdom",wikimedia,https://upload.wikimedia.org/wikipedia/en/1/1a/RSPB_logo_2022.svg,
Rabdan Academy,Rabdan Academy,done,rabdan-academy.png,Rabdan Academy,"Rabdan Academy, Abu Dhabi, UAE",official-site,https://www.ra.ac.ae/assets/img/logo/rabdan-logo.svg,
Red Sea Gateway,Red Sea Gateway,done,red-sea-gateway-terminal.png,Red Sea Gateway Terminal,"Red Sea Gateway Terminal (RSGT), Jeddah, Saudi Arabia",official-site,https://rsgt.com/wp-content/uploads/2024/02/Group-1.png,"The header PNG (453px) has white Arabic and English text. The text was recoloured to the RSGT navy (#314191), taken from the company's RSGTi logo PDF. The square symbol is unchanged. The source is small, so the tile is only 507px. No Wikimedia file was found, and the Wikimedia API was rate-limited."
Reed,Reed in Partnership,done,reed.png,Reed,"Reed (James Reed and Partners), parent brand of Reed in Partnership, United Kingdom",official-site,https://www.reed.com/,"Used the Reed group logo, because the target is 'Reed'. It is the inline header SVG on reed.com. Reed in Partnership's own logo is white-only on its site."
Relativity,Relativity,done,relativity.png,Relativity,"Relativity ODA LLC (legal technology / e-discovery, Chicago, with a London office)",official-site,https://www.relativity.com/relativity/images/logos/relativity/relativity-logo.svg?v=3.0,"Identified as the legal technology company, the best fit for 'Technology and telecoms' in the UK. Other names I considered were Relativity Space and Relativity Media."
ReputationInc,ReputationInc,done,reputationinc.png,ReputationInc,"ReputationInc (reputation consultancy), London, United Kingdom",official-site,https://www.reputation-inc.com/wp-content/uploads/2026/02/logo-main.svg,The header SVG wraps a 4096px PNG with white 'REPUTATION INC' text. The text was recoloured to the brand navy (#000046). The blue R symbol is unchanged.
Right to Play UK,Right to Play UK,done,right-to-play.png,Right To Play,Right To Play UK (UK arm of Right To Play International),official-site,https://righttoplay.org.uk/static/img/logos/logo-dark.ce6008f2540e.png,"This is the dark header logo from the site stylesheet. It is a raster only 477px wide, so the tile is 534px."
Riyadh Valley Company,Riyadh Valley Company,done,riyadh-valley-company.png,Riyadh Valley Company,"Riyadh Valley Company (PIF-owned venture capital company), Saudi Arabia",official-site,https://rvc.com.sa/wp-content/uploads/2020/08/Logo.svg,"Used the outlined-text SVG, because the theme header SVG uses live text that renders incorrectly."
Road Transport and Safety Agency Zambia,Road Transport and Safety Agency Zambia,failed,,RTSA,"Road Transport and Safety Agency, Zambia",,https://www.rtsa.org.zm/wp-content/uploads/2019/09/RTSA-Logo_final-1-1.png,"The official-site emblem only exists as small rasters (largest trims to 329x355 px, below 400), and the Wikipedia article has no logo."
Robert Bird Group,Robert Bird Group,done,robert-bird-group.png,Robert Bird Group,"Robert Bird Group (structural and civil engineering consultancy, an SJ company), Australia/UK",official-site,https://www.robertbird.com/wp-content/uploads/2024/03/RBG-Colour-Logo.svg,The site header uses the reverse (white) logo. This colour version comes from the site's own media library. The lockup includes 'an SJ company'.
Royal College of Surgeons in Ireland (RCSI),Royal College of Surgeons in Ireland (RCSI),failed,,RCSI,"RCSI University of Medicine and Health Sciences (Royal College of Surgeons in Ireland), Dublin, Ireland",,https://www.rcsi.com/assets/images/logos/logo-uni.svg,"The site's colour logo is an SVG wrapper around a 350px raster (too small) plus a white-only crest, and Wikimedia only has an old 366x470 JPG that was rate-limited when tried."
Royal Hospital Chelsea (RHC),Royal Hospital Chelsea (RHC); Chelsea Pensioner (RH),done,royal-hospital-chelsea.png,Royal Hospital Chelsea,"Royal Hospital Chelsea (home of the Chelsea Pensioners), London, United Kingdom",official-site,https://chelsea-pensioners.co.uk/themes/custom/rhc_core/img/chelsea_logo.png,"Gold crest lockup ('Home of the Chelsea Pensioners'), sourced from the site theme images. It covers both member names."
Royal National Lifeboat Institution (RNLI),Royal National Lifeboat Institution (RNLI),done,rnli.png,RNLI,"Royal National Lifeboat Institution, United Kingdom",wikimedia,https://upload.wikimedia.org/wikipedia/en/3/3e/Royal_National_Lifeboat_Institution.svg,"Flag and 'Lifeboats' lockup from the Wikipedia infobox. rnli.org blocked automated requests, so I could not check it against the site header. The flag may predate the 2024 crown update."
Rwanda Ministry of Natural Resources,Rwanda Ministry of Natural Resources,done,rwanda-ministry-of-environment.png,Rwanda Ministry of Environment,"Ministry of Environment, Republic of Rwanda (successor to the Ministry of Natural Resources)",official-site,https://www.environment.gov.rw/fileadmin/Minaffet/resources/public/images/Coat_of_arms_of_Rwanda.svg,"The ministry has no mark of its own, so this is the national coat of arms, taken from the ministry website header. The Wikimedia copy returned 429 errors. Consider renaming the file to a generic Rwanda coat-of-arms name if it will be reused."
S-Chem,S-Chem,failed,,S-Chem,"S-Chem (Saudi Chevron Phillips, Jubail Chevron Phillips and Saudi Polymers group), Al Jubail, Saudi Arabia",,https://schem.com/assets/img/logo-schem.png,"The official site only has a 300x121 px logo raster (below 400), and I found no Wikimedia file."
SACE,SACE,done,sace.png,SACE,"SACE S.p.A. (Italian export credit agency), Italy",wikimedia,https://upload.wikimedia.org/wikipedia/it/a/ab/Logo_Sace_2023.png,"The 2023 logo, from the Italian Wikipedia article. sace.it blocked automated requests, so I could not compare it with the live header."
SAE Institute,SAE Institute,done,sae-institute.png,SAE University College,"SAE Institute Dubai (now SAE University College), UAE",official-site,https://dubai.sae.edu/wp-content/uploads/sites/16/2024/08/SAE-Logo-Horizontal-White.png,"The current Dubai header logo reads 'SAE University College' and is white-only. It was recoloured to the brand's black. The brand is monochrome, and the site also carries an older black 'Creative Media Institute' version. Caption it 'SAE Institute' if you prefer the client's name."
SC. Dedeman,SC. Dedeman,done,dedeman.png,Dedeman,"SC Dedeman SRL (DIY retailer), Romania",official-site,https://cdn.dedeman.ro/static/version1790192131/frontend/Dedeman/white/ro_RO/images/logo.svg,
SEDCO Holding,SEDCO Holding,done,sedco-holding.png,SEDCO Holding,"SEDCO Holding Company (Saudi Economic and Development Company), Saudi Arabia",official-site,https://sedco.com/wp-content/uploads/2024/05/logo.svg,Bilingual header SVG. There was no Wikimedia file.
SENAAT,SENAAT,failed,,SENAAT,"SENAAT General Holding Corporation, UAE (ADQ industrial arm)",,,"There is no SENAAT logo on Wikimedia (the only match, 'Logo senaat.jpg', is an unrelated Dutch crest), and the only logo on senaat.co is a 367x73 raster, below the 400px minimum."
SEPLAT,SEPLAT,failed,,Seplat Energy,"Seplat Energy Plc, Nigeria",,,"The Wikipedia infobox has no logo and a Commons search found nothing; seplatenergy.com returns a Cloudflare 403 to every request, including with a browser user agent."
AtkinsRéalis,SNC-Lavalin,done,atkinsrealis.png,AtkinsRéalis,"AtkinsRéalis Group Inc. (formerly SNC-Lavalin), Canada",wikimedia,https://upload.wikimedia.org/wikipedia/commons/7/72/AtkinsR%C3%A9alis_logo.svg,
SOCAR,SOCAR,done,socar.png,SOCAR,"State Oil Company of Azerbaijan Republic (SOCAR), Azerbaijan",wikimedia,https://upload.wikimedia.org/wikipedia/commons/2/22/Logo_of_SOCAR.svg,
SOS Children's Village International,SOS Children's Village International,done,sos-childrens-villages.png,SOS Children's Villages,"SOS Children's Villages International (SOS-Kinderdorf International), Austria",wikimedia,https://upload.wikimedia.org/wikipedia/en/8/87/SOS_Children%27s_Villages_Logo.svg,"Symbol-plus-name lockup, rendered from SVG."
SOS Children's Villages,SOS Children's Villages Gulf Area Office,exists,sos-childrens-villages.png,SOS Children's Villages,"SOS Children's Villages International (Gulf Area Office, UAE)",,,"sos-childrens-villages.png is already in out/logos (not yet in the manifest), from another batch or an earlier run. I checked it: it is the correct SOS Children's Villages lockup."
STMicroelectronics,STMicroelectronics,done,stmicroelectronics.png,STMicroelectronics,"STMicroelectronics N.V., Switzerland",wikimedia,https://upload.wikimedia.org/wikipedia/commons/1/1b/ST_logo_2020_blue_V.svg,"Stacked ST logo with the 'life.augmented' line, as used by the brand."
SWIFT,SWIFT,done,swift.png,Swift,"Society for Worldwide Interbank Financial Telecommunication (Swift), Belgium",wikimedia,https://upload.wikimedia.org/wikipedia/commons/4/40/SWIFT_2023_logo.svg,"Current globe and Swift logo, from the 2023 rebrand."
Sahara Group,Sahara Group,failed,,Sahara Group,"Sahara Group Limited, Nigeria",,,"Wikimedia's file 'Sahara-group-logo.jpg' exists, but every download over about 90 minutes returned 429 (rate limit). The sahara-group.com header logo is 182x51 px, too small. Please retry the Commons file later."
Saint-Gobain,Saint-Gobain,done,saint-gobain.png,Saint-Gobain,"Compagnie de Saint-Gobain S.A., France",wikimedia,https://upload.wikimedia.org/wikipedia/en/d/dc/Saint-Gobain_logo.svg,Current skyline logo.
Saipem,Saipem,done,saipem.png,Saipem,"Saipem S.p.A., Italy",wikimedia,https://upload.wikimedia.org/wikipedia/commons/7/7d/Saipem_logo.svg,Stacked symbol and name.
Sami Navantia Naval Industries,Sami Navantia Naval Industries,failed,,SAMI Navantia,"SAMI Navantia Naval Industries (SAMI and Navantia joint venture), Saudi Arabia",,,"Commons has no SAMI Navantia logo, and the proxy refuses the connection to saminavantia.com.sa (502 on CONNECT)."
Sandvine,Sandvine,done,applogic-networks.png,AppLogic Networks,"Sandvine Corporation, Canada, renamed AppLogic Networks in 2025",official-site,https://www.applogicnetworks.com/hubfs/NewCo%20Assets/Logo/AppLogic%20Networks%20CMYK%20Logo.png,"Needs a decision. sandvine.com now redirects to applogicnetworks.com, so I used the logo the company uses today. The Commons Sandvine file is only a 150px symbol, which failed. If the library should caption the client as Sandvine, this group needs Sandvine's last logo instead."
Saudi Agricultural and Livestock Investment,Saudi Agricultural and Livestock Investment,done,salic.png,SALIC,"Saudi Agricultural and Livestock Investment Company (SALIC), Saudi Arabia",official-site,https://www.salic.com/assets/images/salic-logo.svg,Bilingual lockup. There was no Wikimedia file.
Saudi Arabia Cultural Bureau,Saudi Arabia Cultural Bureau,done,saudi-arabia-emblem.png,Saudi Arabian Cultural Bureau,"Saudi Arabian Cultural Bureau (Saudi government cultural or education office abroad), Saudi Arabia",wikimedia,https://upload.wikimedia.org/wikipedia/commons/9/99/Emblem_of_Saudi_Arabia.svg,"The data does not say which country's bureau this is, and the bureaus have no distinct mark of their own, so I used the Saudi emblem under the government-body rule."
Saudi Authority for the Care of Persons with Disabilities (APD),Saudi Authority for the Care of Persons with Disabilities (APD),failed,,Authority for the Care of Persons with Disabilities,"Authority for the Care of Persons with Disabilities (APD), Saudi Arabia",,,"A Commons search found 'File:APD logo.svg' (not yet confirmed as this APD), but every download returned 429 (rate limit). apd.gov.sa resets every connection from this environment. Please retry the Commons file later."
SAB,Saudi British Bank,done,sab.png,SAB,"Saudi Awwal Bank (SAB, formerly Saudi British Bank), Saudi Arabia",wikimedia,https://upload.wikimedia.org/wikipedia/commons/5/52/SAB_logo_%28since_2023%29.svg,Bilingual logo in use since 2023. It matches the logo on the sab.com header.
Saudi Council of Economic and Development Affairs (CEDA),Saudi Council of Economic and Development Affairs (CEDA),failed,,Council of Economic and Development Affairs,"Council of Economic and Development Affairs (CEDA), Saudi Arabia",,,"The Wikipedia page has no logo and a Commons search found none. The proxy refuses the connection to ceda.gov.sa (502), so I could not check whether CEDA has its own mark. If it has none, the Saudi emblem (saudi-arabia-emblem.png) would apply."
Saudi Electricity Regulatory Authority (SERA),Saudi Electricity Regulatory Authority (SERA),done,sera.png,Saudi Electricity Regulatory Authority,"Saudi Electricity Regulatory Authority (SERA), Saudi Arabia",wikimedia,https://upload.wikimedia.org/wikipedia/commons/7/7d/Sera_Primary_Logo.png,Bilingual primary lockup (4605px PNG). The official site could not be reached to cross-check it.
Saudi General Authority for Competition (GAC),Saudi General Authority for Competition (GAC),failed,,General Authority for Competition,"General Authority for Competition (GAC), Saudi Arabia",,,"The Commons file 'General_Authority_of_Competition_Logo.svg' exists, but every download of it and of its PNG version returned 429 (rate limit) for over 30 minutes. gac.gov.sa resets every connection. Please retry the Commons file later."
Saudi Ground Services,Saudi Ground Services,done,saudi-ground-services.png,Saudi Ground Services,"Saudi Ground Services Company (SGS), Saudi Arabia",official-site,https://saudiags.com/wp-content/uploads/2021/06/SGS-LOGO.zip,Taken from the logo pack on the company's own site: the full-colour bilingual lockup (SGS_Logo_Artboard 7.png).
Saudi Ministry of Communications and Information Technology (MCIT),Saudi Ministry of Communications and Information Technology (MCIT),done,saudi-mcit.png,Saudi Ministry of Communications and Information Technology,"Ministry of Communications and Information Technology, Saudi Arabia",wikimedia,https://upload.wikimedia.org/wikipedia/en/0/04/Saudi_Ministry_of_Communications_and_Information_Technology_Logo.svg,The infobox logo from English Wikipedia (bilingual SVG).
Saudi Ministry of Education,Saudi Ministry of Education,done,saudi-ministry-of-education.png,Saudi Ministry of Education,"Ministry of Education, Saudi Arabia",wikimedia,https://upload.wikimedia.org/wikipedia/en/3/3d/Saudi_Ministry_of_Education_Logo.svg,The infobox logo from English Wikipedia (bilingual SVG).
Saudi Ports Development Company,Saudi Ports Development Company,failed,,King Abdullah Port,"Ports Development Company (PDC), Saudi Arabia, developer and owner of King Abdullah Port (possible alternative: Saudi Ports Authority, Mawani)",,https://www.kingabdullahport.com.sa/ports-development-company/,"No usable logo: PDC uses the King Abdullah Port logo, which is only 188x150px on its site, and its Wikipedia page has no logo; also check whether the client was PDC or Mawani."
Saudi Small and Medium Enterprises General Authority (Monsha'at),Saudi Small and Medium Enterprises General Authority (Monsha'at),done,monshaat.png,Monsha'at,"Small and Medium Enterprises General Authority (Monsha'at), Saudi Arabia",wikimedia,https://upload.wikimedia.org/wikipedia/commons/2/27/Small_and_Medium_Enterprises_General_Authority_Logo.svg,Bilingual SVG lockup from Wikimedia Commons.
Saudi Technology Development and Investment Company (TAQNIA),Saudi Technology Development and Investment Company (TAQNIA),failed,,TAQNIA,"Saudi Technology Development and Investment Company (TAQNIA), Saudi Arabia",,,"No usable logo: there is no Wikipedia page or Commons file, and the official taqnia.sa and taqnia.com.sa sites would not load from here."
Saudi Tourism Development Fund (TDF),Saudi Tourism Development Fund (TDF),failed,,Tourism Development Fund,"Tourism Development Fund (TDF), Saudi Arabia",,,No usable logo: the Wikipedia page has no logo and tdf.gov.sa would not load from here.
"of Ahmed Seddiqi: its own logo, or the Ahmed Seddiqi logo already in the library?; Will ticked 24 Sep 2026",Seddiqi Holding,done,seddiqi-holding.png,Seddiqi Holding,"Seddiqi Holding, UAE (parent of Ahmed Seddiqi)",official-site,https://seddiqiholding.com/application/themes/seddiqi/assets/images/header-logo-brown.svg,"Seddiqi Holding has its own bilingual logo, so I sourced that; the Ahmed Seddiqi logo (ahmed-seddiqi.png) is already in the library if Will prefers it."
Serbia Anti-Corruption Agency,Serbia Anti-Corruption Agency,failed,,Serbian Agency for Prevention of Corruption,"Agency for Prevention of Corruption (Agencija za sprečavanje korupcije), Serbia",,,"No usable logo: acas.rs timed out and I found no Wikipedia or Commons logo; the agency has its own logo, so the coat of arms fallback does not apply."
Seychelles Civil Aviation Authority (SCAA),Seychelles Civil Aviation Authority (SCAA),failed,,Seychelles Civil Aviation Authority,"Seychelles Civil Aviation Authority (SCAA), Seychelles",,,No usable logo: the Wikipedia infobox logo field is empty and scaa.sc returns only a captcha page to automated requests.
Seychelles Tourism Board,Seychelles Tourism Board,done,seychelles-tourism-board.png,Seychelles Tourism Board,"Seychelles Tourism Board, Seychelles",official-site,https://seychelles.com/assets/images/footerlogoc.png,"This is the destination brand mark ('The Seychelles islands, Another world') that the Board uses on its official site."
Shams Power Company,Shams Power Company,failed,,Shams Power Company,"Shams Power Company (Shams 1 solar plant joint venture, Masdar), UAE",,,"No usable logo of its own: shamspower.ae could not be reached and Wikipedia has only a photo of the plant; if Will prefers the parent, masdar.png is already in the library."
Sharjah Capability Development (Tatweer),Sharjah Capability Development (Tatweer),done,sharjah-capability-development.png,Sharjah Capability Development,"Sharjah Capability Development (Tatweer), UAE",official-site,https://sharjahcd.ae/wp-content/uploads/sites/37/2025/05/SCD-Logo-Colored-1-02.png,Colour bilingual stacked logo.
Sharjah Investment and Development Authority (Shurooq),Sharjah Investment and Development Authority (Shurooq),failed,,Shurooq,"Sharjah Investment and Development Authority (Shurooq), UAE",,,"No usable logo: there is no logo on the Wikipedia page or on Commons, and shurooq.gov.ae shows only a captcha page, even to a browser user agent."
Sheikh Saud bin Saqr Al Qasimi Foundation for Policy Research,Sheikh Saud bin Saqr Al Qasimi Foundation for Policy Research,done,al-qasimi-foundation.png,Sheikh Saud bin Saqr Al Qasimi Foundation for Policy Research,"Sheikh Saud bin Saqr Al Qasimi Foundation for Policy Research, Ras Al Khaimah, UAE",official-site,https://www.alqasimifoundation.com/hubfs/logo-Small19420185210.svg,The logo SVG from the site header.
Sierra Leone National Revenue Authority,Sierra Leone National Revenue Authority,failed,,National Revenue Authority,"National Revenue Authority (NRA), Sierra Leone",,http://nra.gov.sl/images/logo.jpg,"No usable logo: the logo on the official site is only 228x80px, and there is no Wikipedia page or Commons file."
Skyway Aviation Handling Company,Skyway Aviation Handling Company,done,sahco.png,SAHCO,"Skyway Aviation Handling Company Plc (SAHCO), Nigeria",official-site,https://sahcoplc.com/wp-content/uploads/2019/06/sifax-sahco-logo-brand-2.png,The colour version of the header lockup (the header logo itself is white); it carries the SIFAX parent tag.
Slovenia Government,Slovenia Government,done,slovenia-government.png,Government of Slovenia,Government of the Republic of Slovenia (coat of arms of Slovenia),wikimedia,https://upload.wikimedia.org/wikipedia/commons/8/8f/Coat_of_arms_of_Slovenia.svg,"Uses the national coat of arms, following the rule for government bodies."
Smartenergygb,Smartenergygb,done,smart-energy-gb.png,Smart Energy GB,"Smart Energy GB, United Kingdom",official-site,https://www.smartenergygb.org/media/ccehseip/logo.png,"The site header and og:image both show the current 'smart meters' mark, not a 'Smart Energy GB' wordmark."
Sohar Port and Freezone,Sohar Industrial Port Company; Sohar Port and Freezone,failed,,SOHAR Port and Freezone,"SOHAR Port and Freezone (Sohar Industrial Port Company), Oman",,https://soharportandfreezone.om/wp-content/uploads/2024/12/sohar-logo.png,"No usable logo: the header logo on the official site is only 147x27px, and the Wikipedia page and Commons have none."
Solidaridad,Solidaridad,failed,,Solidaridad,"Solidaridad Network, Netherlands",,https://www.solidaridadnetwork.org/wp-content/uploads/2020/11/white.png,"No usable logo: the site header logo is white-only and 320px wide, other logo files there are 141px, and Wikipedia and Commons have none."
Soros Foundation-Kazakhstan,Soros Foundation-Kazakhstan,failed,,Soros Foundation-Kazakhstan,"Soros Foundation-Kazakhstan (Open Society network), Kazakhstan",,,"Wikimedia Commons has no logo for it, and its official site soros.kz has an expired TLS certificate, so the logo could not be fetched safely."
National Treasury,South Africa PPP Unit/National Treasury,done,south-africa-national-treasury.png,National Treasury,"National Treasury, Republic of South Africa",wikimedia,https://upload.wikimedia.org/wikipedia/commons/thumb/7/7a/RSA_treasury.svg/1280px-RSA_treasury.svg.png,"Wikimedia's 1280px PNG render of RSA_treasury.svg, used because the SVG original stayed rate-limited. It is the full departmental lockup with the coat of arms."
Specialist Prosecutor's Office,Specialist Prosecutor's Office,done,kosovo-specialist-chambers-spo.png,Kosovo Specialist Chambers and Specialist Prosecutor's Office,"Specialist Prosecutor's Office, part of the Kosovo Specialist Chambers and Specialist Prosecutor's Office, The Hague, Netherlands",wikimedia,https://upload.wikimedia.org/wikipedia/commons/3/3b/KSC_logo_1.png,"This is the shared institutional logo, which names both the Chambers and the SPO. The official site is blocked by Cloudflare. The raster is 740px wide."
Standard Media Group Kenya,Standard Media Group Kenya,done,standard-group-kenya.png,The Standard,"The Standard Group PLC (Standard Media Group), Kenya",official-site,https://www.standardmedia.co.ke/assets/images/logos/standard-logo.png,"This is The Standard masthead with the group crest, taken from the standardmedia.co.ke header. The separate corporate site standardgroup.co.ke is blocked by Cloudflare, and Commons has no group logo. The raster is only 404px wide, just above the minimum."
Standards Council of Canada (SCC),Standards Council of Canada (SCC),done,standards-council-of-canada.png,Standards Council of Canada,"Standards Council of Canada (SCC-CCN), Canada",official-site,https://scc-ccn.ca/themes/custom/scc/images/logo-en.svg,The bilingual scc/ccn header SVG. Commons was rate-limited throughout.
Stars of Science TV Show,Stars of Science TV Show,done,stars-of-science.png,Stars of Science,"Stars of Science (Nujoom Al Oloum), Qatar Foundation TV show, Qatar",official-site,https://www.starsofscience.com/themes/custom/wingsuit/dist/app-drupal/images/logo.svg,The site header logo is a co-branded lockup: Qatar Foundation plus the Arabic Stars of Science wordmark. It is used as it appears on the site.
State Trading Organisation,State Trading Organisation,done,state-trading-organization.png,STO,"State Trading Organization PLC, Maldives",official-site,https://www.sto.mv/sto-boat-logo.svg,"The Commons logo is only a JPG, and Commons was rate-limited, so the official SVG was used."
Sterling Bank,Sterling Bank,done,sterling-bank.png,Sterling Bank,"Sterling Bank PLC, Nigeria",official-site,https://sterling.ng/wp-content/uploads/2023/04/SterlingLogo-2048x631.png,"The source PNG has a very faint off-white background, which is not noticeable on the tile."
Stevanato Group,Stevanato Group,done,stevanato-group.png,Stevanato Group,"Stevanato Group S.p.A., Italy",official-site,https://d1io3yog0oux5.cloudfront.net/_11ef2b5b6cabbefc6482a3a91ffb3cd9/stevanatogroup/files/theme/images/header-logo.svg,The colour header logo from the company's investor-relations site. The main site header uses a white variant.
APM Terminals,Suez Canal Container Terminal,done,apm-terminals.png,APM Terminals,"APM Terminals (A.P. Moller-Maersk), parent of Suez Canal Container Terminal, Egypt",official-site,https://assets.apmterminals.com/ign/v1/apmt-ign.js,"The inline header SVG, extracted from the site's header script. It includes the 'Lifting Global Trade' tagline."
Business Sweden,Swedish Trade Council,done,business-sweden.png,Business Sweden,"Business Sweden (The Swedish Trade and Invest Council), successor to the Swedish Trade Council, Sweden",official-site,https://www.business-sweden.com/,The black inline SVG logo from the site's menu sidebar. The main header version is white only.
Swiss Embassy Uzbekistan,Swiss Embassy Uzbekistan,done,switzerland-coat-of-arms.png,Embassy of Switzerland in Uzbekistan,"Embassy of Switzerland in Tashkent, Uzbekistan (Swiss Confederation)",wikimedia,https://upload.wikimedia.org/wikipedia/commons/thumb/b/b4/Coat_of_Arms_of_Switzerland_%28Pantone%29.svg/1280px-Coat_of_Arms_of_Switzerland_%28Pantone%29.svg.png,"Sending country's coat of arms, used as the rule for embassies requires. This is Wikimedia's PNG render, used because the SVG original was rate-limited."
TOLO News,TOLO News,done,tolonews.png,TOLOnews,"TOLOnews (Moby Group), Afghanistan",wikimedia,https://upload.wikimedia.org/wikipedia/commons/thumb/3/3f/TOLOnews_Logo.svg/1280px-TOLOnews_Logo.svg.png,"The logo is the brand's red square with white Dari lettering, so the tile is a solid red block."
TOPdesk,TOPdesk,done,topdesk.png,TOPdesk,"TOPdesk, Netherlands (UK office client)",official-site,https://www.topdesk.com/en/wp-content/media/sites/30/TOPdesk_RGB_Logo.svg,The same file as TOPdesk RGB Logo.svg on Commons. Taken from the official site because Commons was rate-limited.
TTTech Auto Iberia,TTTech Auto Iberia,done,trustmotion.png,TrustMotion,"TrustMotion (formerly TTTech Auto AG, part of NXP), Vienna, Austria",official-site,https://www.trustmotion.com/themes/custom/tttech/logo.svg,"TTTech Auto rebranded as TrustMotion (press release of 30 Apr 2026), and tttech-auto.com now redirects to trustmotion.com, so the current mark is used. It is black only and includes the words 'part of NXP'."
Tahakom,Tahakom,done,tahakom.png,Tahakom,"Tahakom (Saudi Company for Technical and Security Comprehensive Control), Saudi Arabia",official-site,https://www.tahakom.com/assets/images/new-identity/tahakom-logo.svg,The bilingual stacked logo from the site's new identity.
Takaful Emarat,Takaful Emarat,failed,,Takaful Emarat,"Takaful Emarat Insurance PSC, UAE",,,"Commons has no logo, and the official site only offers a 180x73 header PNG and a cropped 512px icon that cuts off the wordmark."
Takamol Holding,Takamol Holding,failed,,Takamol Holding,"Takamol Holding, Saudi Arabia",,,"The official site only has a white-only logo SVG and no dark or colour variant was found, and Commons has no Takamol logo."
Takatuf Oman,Takatuf Oman,done,takatuf-oman.png,Takatuf,"Takatuf Oman (human capital development company), Oman",official-site,https://cdn.takatuf.om/wp-content/uploads/2024/05/takatuf-logo-horizontal@200x.png,"A colour bilingual lockup from the site's media library. It matches the white header logo, which is the only version shown in the header. The raster is 662px wide."
Tamkeen Abu Dhabi,Tamkeen Abu Dhabi,failed,,Tamkeen,,,,"Identity unclear. The candidates are Tamkeen, the Abu Dhabi government body that funds NYU Abu Dhabi research, and other Abu Dhabi programmes named Tamkeen (for example ones for people of determination), plus Bahrain's Tamkeen labour fund. The note itself says it is unclear which one this is."
Tamkeen Bahrain,Tamkeen Bahrain,done,tamkeen.png,Tamkeen,"Tamkeen (Labour Fund), Bahrain",official-site,https://www.tamkeen.bh/wp-content/uploads/2024/10/Tamkeen_dual_rgb-01.png,"Wikipedia article has no logo. Used the bilingual Arabic/English colour logo from the site's schema data, because the header logo is white."
Tanzania National Parks,Tanzania National Parks,done,tanzania-national-parks.png,Tanzania National Parks,"Tanzania National Parks Authority (TANAPA), Tanzania",official-site,https://www.tanzaniaparks.go.tz/_next/static/media/tanapa_logo1.a7e7e540.png,Wikipedia article has no logo. The site raster is only just above the 400px minimum after trimming (385x419).
Tanzania President's Office,Tanzania President's Office,done,tanzania-presidents-office.png,Tanzania President's Office,"President's Office, United Republic of Tanzania",,,"Government office with no mark of its own, so the rule gives the national coat of arms, which is already in the library. Its current caption there is 'Tanzania Ministry of Energy and Minerals'. I could not open the file to check it."
Tashkeel,Tashkeel,done,tashkeel.png,Tashkeel,"Tashkeel (art and design organisation), Dubai, UAE",official-site,https://tashkeel.org/volumes/default/_1200x630_crop_center-center_82_none/Tashkeel-Social.png?mtime=1725901668,Header logo is only 300px wide. The og:image is the same clean bilingual black logo on white and is large enough.
Tasnee,Tasnee,failed,,Tasnee,"National Industrialization Company (Tasnee), Saudi Arabia",,,"No English or Arabic Wikipedia article and no logo on Commons, and tasnee.com could not be reached from this environment."
Tatweer Education Holding Company,Tatweer Education Holding Company,failed,,Tatweer Education Holding,"Tatweer Education Holding Company, Saudi Arabia",,,"No logo on Wikimedia. The site's declared logo (tatweer.sa/logo.png) could not be reached. The only other file is a group graphic in white on a navy tab with subsidiary logos, which does not meet the spec."
Tawal,Tawal,failed,,Tawal,"Tawal (Telecommunication Towers Company), Saudi Arabia, a PIF company",,,"No Wikipedia article or Commons logo, and tawal.com.sa could not be reached from this environment."
Tawazun,Tawazun,failed,,Tawazun Council,"Tawazun Council, UAE",,,"No Wikipedia article or Commons logo. The official site offers only white versions (tc_logo2025.png and a small Logo-Tall.png), and I found no dark or colour variant."
Tawuniya,Tawuniya,failed,,Tawuniya,"The Company for Cooperative Insurance (Tawuniya), Saudi Arabia",,,"No Wikipedia or Commons logo was found, and tawuniya.com returns 403 to automated requests, including with a browser user agent."
Tema Oil Refinery (TOR),Tema Oil Refinery (TOR),failed,,Tema Oil Refinery,"Tema Oil Refinery (TOR) Limited, Ghana",,,"Wikipedia's Tema Oil Refinery page has no logo, and the official site (tor.com.gh) could not be reached because the network proxy refused the connection."
Texas A&M,Texas A&M University at Qatar,done,texas-a-and-m-university.png,Texas A and M University,"Texas A&M University, USA (client entity is Texas A&M University at Qatar)",official-site,https://aux.tamu.edu/logos/primaryTAM.svg,"The target is 'Texas A&M', so I used the university's primary logo. The Wikipedia wordmark could not be fetched because of the rate limit, so this is the official SVG from the tamu.edu header. The Qatar campus's own horizontal logo is only 473px."
The African Academy of Sciences,The African Academy of Sciences,done,african-academy-of-sciences.png,The African Academy of Sciences,"The African Academy of Sciences (AAS), Nairobi, Kenya",official-site,https://aasciences.africa/_next/static/media/blue.ba814f4c.png,Stacked blue logo from the official site.
The American International School of Muscat (TAISM),The American International School of Muscat (TAISM),done,taism.png,TAISM,"The American International School of Muscat, Oman",official-site,https://www.taism.com/uploaded/themes/default_19/images/logo.svg,Full-colour header logo in SVG. The stacked footer version exists only as a pale monochrome tint.
The Association of Business Executives,The Association of Business Executives,done,abe.png,ABE,"The Association of Business Executives (ABE), United Kingdom",official-site,https://www.abeuk.com/themes/custom/ndp/logo.svg,"No Wikipedia article. Official SVG logo, which includes the tagline 'a world of opportunity'."
The Bank of Sierra Leone,The Bank of Sierra Leone,failed,,Bank of Sierra Leone,"Bank of Sierra Leone (central bank), Sierra Leone",,,"The Wikipedia logo (BANK_OF_SIERRA_LEONE_LOGO.png) is only 316px. The official site's BSL_Logo.jpeg is 640px, but the seal's ring is cut off at the right and bottom edges."
The Benefit Company,The Benefit Company,failed,,Benefit,"The Benefit Company, Bahrain (payments network)",,,"The Wikipedia logo file is only 62x73px, and benefit.bh sits behind a Cloudflare challenge that blocks automated requests."
Tadweer,The Center of Waste Management,done,tadweer-group.png,Tadweer Group,"Tadweer Group (formerly Abu Dhabi Center of Waste Management, Tadweer), UAE",official-site,https://cdn.prod.website-files.com/68b30ddc1a0f0ede928f6aba/68b31ceabe7468ccf2599d44_Logo.svg,"The note names Tadweer. Tadweer has since rebranded as Tadweer Group, so I used the current dark header SVG from tadweer.ae. The bilingual and Arabic versions on the site are white only."
The Climate Group,The Climate Group,failed,,Climate Group,"Climate Group (formerly The Climate Group), United Kingdom",,,"Wikimedia has only the bare degree-C symbol, not the lockup. The site's lockup is a 254x38 white-on-black JPG, and its SVG has a white C. No usable full lockup was found."
The Duke of Edinburgh's International Award Foundation,The Duke of Edinburgh's International Award Foundation,failed,,The Duke of Edinburgh's International Award,"The Duke of Edinburgh's International Award Foundation, United Kingdom",,,"Wikipedia redirects to the UK DofE Award, a different organisation's logo. On the official site the current logo exists only in white or as a small grey #WorldReady campaign lockup, and the older colour CMYK PNG is cropped."
The Executive Office of HH Sheikh Mohammed (TEO),The Executive Office of HH Sheikh Mohammed (TEO),failed,,The Executive Office,"The Executive Office of HH Sheikh Mohammed bin Rashid Al Maktoum, Dubai, UAE",,,"No Wikipedia article or Commons logo was found, and theexecutiveoffice.gov.ae could not be reached from this environment. executiveoffice.ae is a parked domain."
The Fishmongers' Company,The Fishmongers' Company,failed,,The Fishmongers' Company,"The Worshipful Company of Fishmongers, City of London, United Kingdom",,,"Wikimedia has only the Company's heraldic arms, not its logo. The official logo (TFC_Logo.svg) has white lettering beside gold dolphins, and I found no dark variant on the site."
"The Galleria, Al Maryah Island","The Galleria, Al Maryah Island",done,the-galleria-al-maryah-island.png,The Galleria Al Maryah Island,"The Galleria, Al Maryah Island (Abu Dhabi shopping mall, UAE)",official-site,https://www.thegalleria.ae/sites/default/files/logo-b-en.svg,This is the site's black English header logo. The brand has no colour version.
The Netherlands Nutrition Centre,The Netherlands Nutrition Centre,done,voedingscentrum.png,Voedingscentrum,"Voedingscentrum (Netherlands Nutrition Centre), Netherlands",official-site,https://www.voedingscentrum.nl/content/shared/images/vc_logo.svg,The logo carries the Dutch strapline 'eerlijk over eten'. Wikimedia could not be checked properly because of rate limiting.
The University of the West Indies Trinidad and Tobago,The University of the West Indies Trinidad and Tobago,done,uwi-st-augustine.png,"The University of the West Indies, St. Augustine","The University of the West Indies, St. Augustine Campus, Trinidad and Tobago",official-site,https://sta.uwi.edu/wp-content/uploads/2024/08/logo-1.png,"This is the full crest-and-name lockup, but the source is only just over 400px wide, so the campus line is small. Wikipedia has only the bare coat of arms."
Tomra Systems ASA,Tomra Systems ASA,done,tomra.png,TOMRA,"Tomra Systems ASA, Norway",wikimedia,https://upload.wikimedia.org/wikipedia/commons/c/c5/Tomra_Systems_newer_logo.svg,
Tote,Tote,done,tote.png,Tote,"Tote (UK Tote Group, pool betting operator), United Kingdom",wikimedia,https://upload.wikimedia.org/wikipedia/en/e/e5/The_Tote.png,"This is the white 'tote' wordmark on a solid red panel, about 400px. tote.co.uk blocked every request, so I could not get a red-on-white version. Worth replacing if a better file turns up."
Tourism Development & Investment company TDIC,Tourism Development & Investment company TDIC; TDIC,done,tdic.png,TDIC,"Tourism Development and Investment Company (TDIC), Abu Dhabi, UAE (now defunct, folded into Aldar and Miral)",wikimedia,https://upload.wikimedia.org/wikipedia/commons/8/89/TDIC_logo.jpg,"This is TDIC's last logo, bilingual Arabic and 'TDIC'. The source JPG is a little soft but legible."
XM,Trading Point of Financial Instruments; XM,done,xm.png,XM,"XM (Trading Point of Financial Instruments Ltd), Cyprus",official-site,https://cloud.xm-cdn.com/static/xm/common/logos/revamp/xm-logo.svg,"xm.com blocked direct requests. I took the SVG from XM's own CDN, the colour version for light backgrounds."
Transport for the North,Transport for the North,done,transport-for-the-north.png,Transport for the North,"Transport for the North, United Kingdom",official-site,https://strapiprodcontainer.blob.core.windows.net/uploads/assets/logo_130730e8a7.svg,This is the header logo file linked from transportforthenorth.com.
Travelport,Travelport,done,travelport.png,Travelport,"Travelport (travel technology company, UK/US)",official-site,https://www.travelport.com/travelport-logo.svg,
Tristar Transport,Tristar Transport,done,tristar.png,Tristar,"Tristar Group (Tristar Transport LLC), UAE fuel logistics",official-site,https://tristar-group.co/public/assets/img/site-logo.png,"The raster source is about 580px wide, which is enough."
Trivago,Trivago,done,trivago.png,trivago,"trivago N.V., Germany",official-site,https://www.trivago.com/,I extracted the header logo from inline SVG on the homepage.
Tullow Oil,Tullow Ghana; Tullow Group Services,failed,,Tullow Oil,"Tullow Oil plc, United Kingdom (with Tullow Ghana)",,,"The official site only has a white logo (logo-white.svg), and I found no dark version on its media pages. Wikipedia only has the old stacked 'TULLOW Oil plc' mark, which is no longer used, so I built it and then deleted it."
Turkish Aerospace Industry (TAI),Turkish Aerospace Industry (TAI),done,turkish-aerospace.png,Turkish Aerospace,"Turkish Aerospace Industries (TUSAS), Turkey",official-site,"https://www.tusas.com/content/images/uploads/originals/tusas-logo-en,6257.svg","This is the English logo from tusas.com/en, not the Turkish one."
UAE Federal Authority for Nuclear Regulation (FANR),UAE Federal Authority for Nuclear Regulation (FANR),failed,,FANR,"Federal Authority for Nuclear Regulation (FANR), UAE",,,"The site header logo (FANR-logo.png) is only 340px wide, and there is no SVG or larger file. Wikipedia and Commons have no FANR logo."
UAE General Civil Aviation Authority (GCAA),UAE General Civil Aviation Authority (GCAA),done,uae-gcaa.png,UAE General Civil Aviation Authority,"General Civil Aviation Authority (GCAA), UAE",official-site,https://www.gcaa.gov.ae/_catalogs/masterpage/GCAA.Web.Master/resources/imgs/Logo.svg,This is the bilingual Arabic and English logo.
UAE Government Communications Office (GCO),UAE Government Communications Office (GCO),done,uae-government-communications-office.png,UAE Government Communications Office,"UAE Government Communications Office, Prime Minister's Office, UAE",,,UAE coat of arms (no mark of its own)
UAE Jiu Jitsu Federation,UAE Jiu Jitsu Federation,failed,,UAE Jiu-Jitsu Federation,"UAE Jiu-Jitsu Federation, UAE",,,"Wikipedia and Commons have no logo file, and uaejjf.org could not be reached from here."
UAE Ministry of Health and Prevention,UAE Ministry of Health and Prevention,done,uae-ministry-of-health-and-prevention.png,UAE Ministry of Health and Prevention,"Ministry of Health and Prevention (MOHAP), UAE",wikimedia,https://upload.wikimedia.org/wikipedia/en/0/08/Ministry_of_Health_and_Prevention_%28United_Arab_Emirates%29_logo.jpg,"This is the English-only version with the UAE emblem, 637px wide. mohap.gov.ae could not be reached, so I could not check for a bilingual version."
UAE Public Diplomacy Office,UAE Public Diplomacy Office,done,uae-public-diplomacy-office.png,UAE Public Diplomacy Office,"UAE Public Diplomacy Office, UAE federal government",,,UAE coat of arms (no mark of its own)
UAE Regulation and Supervision Bureau,UAE Regulation and Supervision Bureau,failed,,Regulation and Supervision Bureau,"Regulation and Supervision Bureau (RSB), Abu Dhabi utilities regulator, UAE (since merged into the Abu Dhabi Department of Energy)",,,"Wikipedia and Commons have no logo for the Abu Dhabi RSB, and the proxy blocked rsb.gov.ae."
UAE Signals Intelligence Agency (SIA),UAE Signals Intelligence Agency (SIA),done,uae-signals-intelligence-agency.png,UAE Signals Intelligence Agency,"Signals Intelligence Agency (SIA), United Arab Emirates",wikimedia,https://upload.wikimedia.org/wikipedia/commons/e/eb/Emblem_of_the_United_Arab_Emirates.svg,UAE coat of arms (no mark of its own)
UK Department of Transport,UK Department of Transport,done,uk-department-for-transport.png,Department for Transport,"Department for Transport, United Kingdom",wikimedia,https://upload.wikimedia.org/wikipedia/en/1/11/Department_for_Transport.svg,Caveat: this is the standard UK government departmental lockup with the Royal Arms. The Commons file shows the older (1952-2022) version of the arms.
UK Investigatory Powers Commissioner's Office,UK Investigatory Powers Commissioner's Office,done,ipco.png,Investigatory Powers Commissioner's Office,"Investigatory Powers Commissioner's Office (IPCO), United Kingdom",official-site,https://www.ipco.org.uk/wp-content/themes/jsarc/img/v/generic/logos/a/jsarc-logo-sprite.png,"Wikipedia only has the royal coat of arms and a photo, so I used IPCO's own header logo from its website. The logo is 'IPCO' with the strapline 'Authorisation & Oversight'."
UK Office for National Statistics (ONS),UK Office for National Statistics (ONS),done,ons.png,Office for National Statistics,"Office for National Statistics (ONS), United Kingdom",official-site,https://cdn.ons.gov.uk/assets/images/ons-logo/v2/ons-logo.svg,The Wikipedia page has no logo image. I used the SVG header logo from the ONS website.
UK Trade and Investment (UKTI),UK Trade and Investment (UKTI),done,ukti.png,UK Trade and Investment,"UK Trade and Investment (UKTI), United Kingdom (closed 2016; functions now with the Department for Business and Trade)",wikimedia,https://upload.wikimedia.org/wikipedia/en/f/fb/UKtrade.svg,"UKTI is closed, so I used the last logo it had: royal arms with 'UK Trade & Investment'."
UNAIDS,UNAIDS,done,unaids.png,UNAIDS,"Joint United Nations Programme on HIV/AIDS (UNAIDS), Geneva, Switzerland",wikimedia,https://upload.wikimedia.org/wikipedia/commons/e/ee/UNAIDS.svg,
UPS,UPS,done,ups.png,UPS,"United Parcel Service (UPS), United States",wikimedia,https://upload.wikimedia.org/wikipedia/commons/6/6b/United_Parcel_Service_logo_2014.svg,
US Consulate Jordan,US Consulate Jordan,done,us-department-of-state.png,US Consulate Jordan,US diplomatic mission in Jordan (United States Department of State),wikimedia,https://upload.wikimedia.org/wikipedia/commons/7/7b/Seal_of_the_United_States_Department_of_State.svg,"Following the embassy rule, this uses the US Department of State seal. Groups 606 and 607 share the same file."
US Embassy Nairobi,US Embassy Nairobi,done,us-embassy-nairobi.png,US Embassy Nairobi,"Embassy of the United States, Nairobi, Kenya (United States Department of State)",wikimedia,https://upload.wikimedia.org/wikipedia/commons/7/7b/Seal_of_the_United_States_Department_of_State.svg,Uses the same Department of State seal file made for group 605.
US Embassy Nigeria,US Embassy Nigeria,done,us-embassy-nigeria.png,US Embassy Nigeria,"Embassy of the United States, Abuja, Nigeria (United States Department of State)",wikimedia,https://upload.wikimedia.org/wikipedia/commons/7/7b/Seal_of_the_United_States_Department_of_State.svg,Uses the same Department of State seal file made for group 605.
USAID,USAID,done,usaid.png,USAID,"United States Agency for International Development (USAID), United States (closed 2025)",wikimedia,https://upload.wikimedia.org/wikipedia/commons/1/17/USAID-Identity.svg,"USAID is closed, so I used the last standard brand lockup: seal plus 'USAID From the American People'."
UWC,UWC Dilijan College,done,uwc.png,UWC,"UWC (United World Colleges) movement; client is UWC Dilijan College, Armenia",wikimedia,https://upload.wikimedia.org/wikipedia/en/b/b9/United_World_Colleges_logo.svg,"Following the note, this is the UWC movement logo, not a Dilijan-specific mark. I checked it matches the current logo in the uwc.org header."
Ubisoft,Ubisoft,done,ubisoft.png,Ubisoft,"Ubisoft Entertainment, France (client office in Bulgaria)",wikimedia,https://upload.wikimedia.org/wikipedia/commons/7/78/Ubisoft_logo.svg,"The logo is black, which is Ubisoft's standard colour."
Uganda Bureau of Statistics,Uganda Bureau of Statistics,done,ubos.png,Uganda Bureau of Statistics,"Uganda Bureau of Statistics (UBOS), Uganda",official-site,https://www.ubos.org/wp-content/themes/ubosug/images/logo/ubos_logo.png,"Caveat: this is the UBOS roundel only. The site's lockup file (roundel plus name) is only 322px, below the 400px minimum. So I cropped the roundel from the large header banner (4835x555), which also holds the name and the Uganda arms. Fetching ubos.org needed the site's missing Sectigo intermediate certificate added to the CA bundle."
Uganda Cancer Institute,Uganda Cancer Institute,failed,,Uganda Cancer Institute,"Uganda Cancer Institute, Kampala, Uganda",,https://uci.or.ug/media/uploads/2026/08/uci-logo-stacked_Q2p51xV.png,"Wikipedia and Commons have no logo. The only full logo on the official site is the 333x150 original, too small to use without upscaling."
Uganda Electricity Generation Company,Uganda Electricity Generation Company,done,uegcl.png,UEGCL,"Uganda Electricity Generation Company Limited (UEGCL), Uganda",official-site,https://uegcl.com/wp-content/themes/kipya/assets/images/uegcl-main-logo.png,"The Wikipedia page has no logo, so I used the site header logo, which includes the strapline 'Generating for Generations'."
Uganda National Council for Science and Technology (UNCST),Uganda National Council for Science and Technology (UNCST),failed,,Uganda National Council for Science and Technology,"Uganda National Council for Science and Technology (UNCST), Uganda",,https://www.uncst.go.ug/assets/img/logo.png,"Wikipedia and Commons have no logo. On the official site the largest logo file is about 166px (logo.png 150x133, UNCST Logo.JPG 166x173), too small to use without upscaling."
Uganda National Oil Company,Uganda National Oil Company,done,unoc.png,UNOC,"Uganda National Oil Company (UNOC), Uganda",wikimedia,https://upload.wikimedia.org/wikipedia/en/8/88/Uganda_National_Oil_Company_Logo.jpg,"Raster from Wikipedia, 406px wide after trimming. The site header currently shows a 10th-anniversary version, so I used the standard logo instead."
Uganda National Planning Authority,Uganda National Planning Authority,failed,,National Planning Authority,"National Planning Authority (NPA), Uganda",,https://www.npa.go.ug/,"Wikipedia and Commons have no logo. The official site returns 403 to automated requests, including with a browser user agent."
Uganda National Roads Authority,Uganda National Roads Authority,failed,,Uganda National Roads Authority,"Uganda National Roads Authority (UNRA), Uganda",,https://www.unra.go.ug/,"Wikipedia and Commons have no logo. The official site resets the HTTPS connection and returns 503 over HTTP, so no logo could be fetched."
Umbutfo Swaziland Defense Force,Umbutfo Swaziland Defense Force,done,eswatini-coat-of-arms.png,Umbutfo Eswatini Defence Force,"Umbutfo Eswatini Defence Force (formerly Umbutfo Swaziland Defence Force), Eswatini",wikimedia,https://upload.wikimedia.org/wikipedia/commons/a/a5/Coat_of_arms_of_Eswatini.svg,"Wikipedia, Commons and the web have no public mark for the force, so under the government-body rule it gets the Eswatini coat of arms."
Unilever,Unilever,done,unilever.png,Unilever,"Unilever PLC, United Kingdom",wikimedia,https://upload.wikimedia.org/wikipedia/en/e/e4/Unilever.svg,"The official site blocked automated requests (403), so the logo was taken from the English Wikipedia file. It is the stacked U and wordmark."
United Arab Bank,United Arab Bank,done,united-arab-bank.png,United Arab Bank,"United Arab Bank P.J.S.C., UAE",official-site,https://www.uab.ae/-/media/project/uabasset/uab/footer/footerlogo.svg,Wikipedia has no logo. This is the stacked bilingual UAB lockup from the site.
United Gulf Bank,United Gulf Bank,done,united-gulf-bank.png,United Gulf Bank,"United Gulf Bank B.S.C. (c), Bahrain",official-site,https://www.ugbbh.com/wp-content/uploads/2016/03/3-1.jpg,Taken from the site header as a raster just over the 400px minimum (455px wide). It is the bilingual lockup.
Universidad Técnica Federico Santa María,Universidad Técnica Federico Santa María,done,utfsm.png,Universidad Técnica Federico Santa María,"Universidad Técnica Federico Santa María (USM), Chile",official-site,https://usm.cl/wp-content/uploads/2021/07/logo-usm.svg,The Commons file is the crest only. The site's lockup (crest plus name) was used instead.
University of Buraimi,University of Buraimi,done,university-of-buraimi.png,University of Buraimi,"University of Buraimi, Oman",wikimedia,https://upload.wikimedia.org/wikipedia/commons/9/9f/UoB_-_Logo.jpg,Bilingual lockup. JPEG source.
University of Gibraltar,University of Gibraltar,done,university-of-gibraltar.png,University of Gibraltar,"University of Gibraltar, Gibraltar",wikimedia,https://upload.wikimedia.org/wikipedia/commons/8/86/Logored_x2.png,Raster just over the 400px minimum (451px wide). The official site is behind a captcha.
University of Ilorin,University of Ilorin,failed,,University of Ilorin,"University of Ilorin, Nigeria",,,"Wikipedia and Commons have no logo file (only photos), and the largest logo on the official site is 317px, below the 400px minimum."
University of Jos,University of Jos,done,university-of-jos.png,University of Jos,"University of Jos, Nigeria",official-site,https://www.unijos.edu.ng/sites/default/files/ujweb_official_logo_0.png,"The Wikipedia logo is too small (141px). The site's official horizontal lockup was used; it is very wide, so it sits small on the tile."
University of Luxembourg,University of Luxembourg,done,university-of-luxembourg.png,University of Luxembourg,"Université du Luxembourg, Luxembourg",wikimedia,https://upload.wikimedia.org/wikipedia/commons/1/1e/University_of_Luxembourg_logo_%28fr%29.svg,"The logo is the French version (Université du Luxembourg), as used on uni.lu."
University of New England,University of New England,failed,,University of New England,,,,"Identity unclear: there is no UK University of New England. The candidates are the University of New England in Armidale, Australia and the University of New England in Maine, USA."
University of Salford,University of Salford,done,university-of-salford.png,University of Salford,"University of Salford, United Kingdom",official-site,https://www.salford.ac.uk/themes/custom/uos/img/icons/dark-logo.svg,The Wikipedia logo is too small (304px). The site's stacked crest lockup was used.
Urban Transport Group,Urban Transport Group,done,urban-transport-group.png,Urban Transport Group,"Urban Transport Group, United Kingdom",official-site,https://www.urbantransportgroup.org/themes/custom/utgtheme/images/utg_logo.png,Wikipedia has no logo. The raster is just over the 400px minimum (457px wide).
VAMED,VAMED,done,vamed.png,VAMED,"VAMED AG, Austria (group of VAMED Emirates)",wikimedia,https://upload.wikimedia.org/wikipedia/commons/c/c1/Vamed_2009_logo.svg,"The official site is unreachable (expired TLS certificate), so the Commons 2009 stacked V and VAMED logo was used and could not be checked against the live site."
VTTI,VTTI,done,vtti.png,VTTI,VTTI B.V. (Netherlands-headquartered energy storage company; client office in the UAE),official-site,https://www.vtti.com/wp-content/themes/vtti_2024/images/vtti_new_blue.svg,"Blue SVG from vtti.com. I removed its rectangular masks, which did nothing but caused faded letter tops when rendered. The logo itself is unchanged."
Venture Capital Trust Fund,Venture Capital Trust Fund,done,venture-capital-trust-fund.png,Venture Capital Trust Fund,"Venture Capital Trust Fund (VCTF), Ghana",official-site,https://venturecapitalghana.com.gh/wp-content/uploads/2023/05/VCTF-LOGO.png,Wikipedia has no logo. This is the full lockup from the site header.
Vice President's Office for Political Affairs (VPOPA),Vice President's Office for Political Affairs (VPOPA); VPOPA,done,uae-vpopa.png,Vice President's Office for Political Affairs,"Vice President's Office for Political Affairs (VPOPA), UAE government",wikimedia,https://upload.wikimedia.org/wikipedia/commons/e/eb/Emblem_of_the_United_Arab_Emirates.svg,UAE coat of arms (no mark of its own)
Virginia Department of Social Services,Virginia Department of Social Services,done,virginia-department-of-social-services.png,Virginia Department of Social Services,"Virginia Department of Social Services (VDSS), United States",official-site,https://www.dss.virginia.gov/media/vdss/site-assets/images/vdss-logo_horiz-blue_left-aligned_RGB-vector.svg,Wikipedia shows only the state seal. The department's own horizontal logo from its site was used.
Vorwerk,Vorwerk,done,vorwerk.png,Vorwerk,"Vorwerk SE und Co. KG, Germany",official-site,https://www.vorwerk.com/,"Commons Vorwerk.svg was rate-limited (429), so the inline SVG logo from the vorwerk.com page was used."
Watts Gallery,Watts Gallery,done,watts-gallery.png,Watts Gallery,"Watts Gallery Trust (Watts Gallery Artists' Village), United Kingdom",official-site,https://www.wattsgallery.org.uk/,"Wikipedia has no logo. The site header's inline SVG wordmark (Watts Gallery Artists' Village) was used, rendered dark."
We Communications,We Communications,done,we-communications.png,WE Communications,"WE Communications, United States",wikimedia,https://upload.wikimedia.org/wikipedia/commons/c/c9/We._Communications_logo_2025.svg,2025 'We.' roundel logo.
Western Governors University,Western Governors University,done,western-governors-university.png,Western Governors University,"Western Governors University (WGU), United States",official-site,https://www.wgu.edu/etc.clientlibs/wgu/clientlibs/clientlib-site/resources/images/wgu-logo.svg,Wikipedia has no logo. The site's owl and WGU lockup was used.
Westin Hotels and Resorts,Westin Hotels and Resorts,done,westin.png,Westin Hotels and Resorts,"Westin Hotels and Resorts (Marriott International brand), United States",official-site,https://westin.marriott.com/wp-content/uploads/2025/03/westin.svg,The Commons SVG is an older taupe version. Used the grey lockup from the brand's current site header instead.
Weststar Aviation Services,Weststar Aviation Services,done,weststar-aviation-services.png,Weststar Aviation Services,"Weststar Aviation Services Sdn Bhd, Malaysia",official-site,https://weststar-aviation.com/wp-content/uploads/2024/02/WASSB-logo.png,No Wikipedia or Commons logo exists. Used the wings badge from the site header at full size (1600px). The mark includes the word WESTSTAR and there is no separate full-name lockup.
WilmerHale,WilmerHale,done,wilmerhale.png,WilmerHale,"Wilmer Cutler Pickering Hale and Dorr LLP (WilmerHale), United States",wikimedia,https://upload.wikimedia.org/wikipedia/commons/8/87/WilmerHale_logo.png,"The source raster is 404x64, just over the 400px minimum. It is the same size as the site header logo, and no SVG was found."
Wine in Moderation (WIM),Wine in Moderation (WIM),done,wine-in-moderation.png,Wine in Moderation,"Wine in Moderation (WIM) AISBL, Brussels, Belgium",official-site,https://wineinmoderation.eu/assets/Site/img/logo/logo.png,"No Commons file exists. The site header PNG is 476px wide, which is above the minimum."
World Food Programme (WFP),World Food Programme (WFP),done,world-food-programme.png,World Food Programme,"United Nations World Food Programme (WFP), Rome, Italy",official-site,https://cdn.wfp.org/guides/ui/assets/v0.0.1/logos/vertical/en/wfp-logo-vertical-blue-en.svg,"The Commons file is the emblem with WFP only, no full name. Used the official vertical blue lockup from WFP's CDN."
World Intellectual Property Organization (WIPO),World Intellectual Property Organization (WIPO),done,wipo.png,WIPO,"World Intellectual Property Organization (WIPO), Geneva, Switzerland",wikimedia,https://upload.wikimedia.org/wikipedia/commons/4/4d/World_Intellectual_Property_Organization_Logo.svg,
World Meteorological Organization (WMO),World Meteorological Organization (WMO),done,world-meteorological-organization.png,World Meteorological Organization,"World Meteorological Organization (WMO), Geneva, Switzerland",wikimedia,https://upload.wikimedia.org/wikipedia/en/b/b6/World_Meteorological_Organization_Logo.svg,
World Resources Institute,World Resources Institute,done,world-resources-institute.png,World Resources Institute,"World Resources Institute (WRI), Washington DC, United States",wikimedia,https://upload.wikimedia.org/wikipedia/en/9/91/World_Resources_Institute_logo.svg,
World Travel and Tourism Council (WTTC),World Travel and Tourism Council (WTTC),done,wttc.png,World Travel and Tourism Council,"World Travel and Tourism Council (WTTC), London, United Kingdom",official-site,https://wttc.org/logo.svg,"The Wikipedia logo is a 300px raster, below the minimum. Used the current horizontal SVG from the site header."
WorldRemit,Worldremit Services,done,worldremit.png,WorldRemit,"WorldRemit Ltd (Zepz group), London, United Kingdom",wikimedia,https://upload.wikimedia.org/wikipedia/commons/5/5b/WorldRemit_logo.svg,
YASREF,YASREF,done,yasref.png,Yasref,"Yanbu Aramco Sinopec Refining Company (YASREF) Ltd, Saudi Arabia",official-site,https://www.yasref.com/Yasre%20Logo.png,"Used YASREF's own bilingual logo rather than Aramco's, as the note allowed. No Wikipedia or Commons logo exists."
Space42,Yahsat,failed,,Space42,"Space42 PLC, Abu Dhabi, UAE (formed in 2024 when Yahsat merged with Bayanat)",,,"There is no Space42 logo on Wikipedia or Commons. space42.ai sits behind a Cloudflare challenge that returns 403 to both user agents, including its logo file at /en/lp/Logo.svg."
Yas Marina Circuit,Yas Marina Circuit,failed,,Yas Marina Circuit,"Yas Marina Circuit, Abu Dhabi, UAE",,,"The Wikipedia page image is a track map, not a logo, and Commons has no logo. The official site only serves a white-only YMC_logo.svg and no colour or dark version was found."
Yas Viceroy Abu Dhabi,Yas Viceroy Abu Dhabi,done,w-hotels.png,W Abu Dhabi,"W Abu Dhabi - Yas Island (formerly Yas Viceroy Abu Dhabi), a W Hotels property of Marriott International, UAE",wikimedia,https://upload.wikimedia.org/wikipedia/commons/thumb/placeholder/W_Hotels_Logo.svg,"The logo is the W Hotels brand stacked lockup from Commons (File:W_Hotels_Logo.svg, taupe), because the hotel has no mark of its own. The source_url field holds a placeholder; the real file URL was not recorded. The file is named w-hotels so it can be reused, and the caption shows the hotel name."
Yemen LNG Company,Yemen LNG Company,failed,,Yemen LNG,"Yemen LNG Company Ltd, Yemen",,,"Both sources are too small: the Wikipedia logo (YLNG_LOGO_small.jpg) is 312x318, and the site only has an 81px footer logo and a logo inside a 900x200 banner photo."
Zambia Airports,Zambia Airports,failed,,Zambia Airports,"Zambia Airports Corporation Limited (ZACL), Zambia",,,"There is no logo on Wikipedia or Commons. zacl.co.zm only has header logos of 151x72 and 126x60 px, far below the 400px minimum, and no larger file or media kit was found."
Zambia Office of the Auditor General,Zambia Office of the Auditor General,done,zambia-coat-of-arms.png,Zambia Office of the Auditor General,"Office of the Auditor General, Republic of Zambia",wikimedia,https://upload.wikimedia.org/wikipedia/commons/2/28/Coat_of_arms_of_Zambia.svg,"The office uses the national coat of arms as its site logo, so I used the Zambian coat of arms from Commons."
Zamil Industrial,Zamilindustrial,failed,,Zamil Industrial,"Zamil Industrial Investment Company, Dammam, Saudi Arabia (now rebranded as SENAAT)",,,"zamilindustrial.com now redirects to senaat.com. The company renamed itself SENAAT, and the site serves only white-only SENAAT logos. The Commons Zamil Industrial Logo.svg is an Arabic-only partial wordmark, not the full lockup. Please decide whether to use the old Zamil mark or the new SENAAT one."
inRiver,inRiver,done,inriver.png,Inriver,"inRiver AB, Malmo, Sweden",official-site,https://www.inriver.com/wp-content/themes/inriver/assets/images/spritemap.svg#inriver-logo,"There is no Commons logo. Took the header logo symbol from the site's SVG spritemap and applied the header's CSS colour #056dff, because the symbol itself uses the page's text colour. The brand now writes its name as Inriver."
